fold,sample,protein,spearman,pearson,namesake_spearman,n_spots
holdout_tonsil,A1LN,ACTA2,0.4249786136258175,0.5274747610092163,0.18879948630735852,3394
holdout_tonsil,A1LN,BCL2,0.3247181267165159,0.2517314553260803,0.15647869172869175,3394
holdout_tonsil,A1LN,CCR7,0.150621709628638,0.1372688263654709,0.18106180684323625,3394
holdout_tonsil,A1LN,CD14,0.20575495296294286,0.1358450949192047,-0.0008498758638033758,3394
holdout_tonsil,A1LN,CD163,-0.49191674858573814,-0.47230175137519836,0.10493255133400267,3394
holdout_tonsil,A1LN,CD19,-0.18223583327552798,-0.12630942463874817,-0.03644918730602254,3394
holdout_tonsil,A1LN,CD27,0.05439729173407073,-0.02550147846341133,0.028579139274490982,3394
holdout_tonsil,A1LN,CD274,-0.12207329930425798,0.07295728474855423,,3394
holdout_tonsil,A1LN,CD3E,0.613046414774053,0.6054372191429138,0.31448273680221894,3394
holdout_tonsil,A1LN,CD4,0.24154503747992806,0.17137494683265686,0.02810607797052522,3394
holdout_tonsil,A1LN,CD40,0.16027987747268432,0.12765923142433167,-0.012466496659689182,3394
holdout_tonsil,A1LN,CD68,-0.3223117180688529,-0.3085566461086273,,3394
holdout_tonsil,A1LN,CD8A,0.3789438066928252,0.3393283784389496,0.1666242757036654,3394
holdout_tonsil,A1LN,CEACAM8,0.031896172410591006,0.08421927690505981,,3394
holdout_tonsil,A1LN,CR2,0.20479825175190752,0.2704108953475952,0.13483327947743293,3394
holdout_tonsil,A1LN,CXCR5,0.38955818762005257,0.31304824352264404,0.15980819718303063,3394
holdout_tonsil,A1LN,EPCAM,0.09076086053304287,0.0533003956079483,0.030884136593346538,3394
holdout_tonsil,A1LN,FCGR3A,0.43745354312108825,0.23085805773735046,0.00724682082662027,3394
holdout_tonsil,A1LN,HLA_DRA,0.4852784380470574,0.4923548400402069,,3394
holdout_tonsil,A1LN,ITGAM,-0.16101355861505104,-0.1528964787721634,0.030657095499209114,3394
holdout_tonsil,A1LN,ITGAX,0.36689292710086663,0.3246026039123535,0.12491678182344548,3394
holdout_tonsil,A1LN,KRT5,-0.04848804990980986,-0.10212315618991852,0.008421087315135602,3394
holdout_tonsil,A1LN,MS4A1,0.12358547509707175,0.21530649065971375,0.20982428839512945,3394
holdout_tonsil,A1LN,PAX5,0.2067941147912157,0.25534364581108093,0.1279242869021218,3394
holdout_tonsil,A1LN,PCNA,0.323600989895797,0.2690955698490143,,3394
holdout_tonsil,A1LN,PDCD1,0.21596996781575448,0.1830652356147766,,3394
holdout_tonsil,A1LN,PECAM1,0.48874411966751935,0.41325077414512634,0.21159423505340763,3394
holdout_tonsil,A1LN,PTPRC_1,0.2712860062410858,0.18568678200244904,0.03879740726921422,3394
holdout_tonsil,A1LN,PTPRC_2,0.35376916502107114,0.28202247619628906,0.08531263522099455,3394
holdout_tonsil,A1LN,SDC1,0.11400111061042158,-0.05978504940867424,0.005886040616457618,3394
holdout_tonsil,A1LN,VIM,-0.38293591174295083,-0.4544563889503479,,3394
holdout_tonsil,A1TNSL,ACTA2,0.28011933454745935,0.3363088369369507,0.26911778085746074,4329
holdout_tonsil,A1TNSL,BCL2,-0.29193558399679803,-0.33098551630973816,0.2626521594577437,4329
holdout_tonsil,A1TNSL,CCR7,-0.1277580513843802,-0.0913042351603508,0.17703927112668508,4329
holdout_tonsil,A1TNSL,CD14,0.3634420898515414,0.328489750623703,0.020753127388220688,4329
holdout_tonsil,A1TNSL,CD163,-0.25431436351657644,-0.25280481576919556,0.061707853761876645,4329
holdout_tonsil,A1TNSL,CD19,0.31188530509886836,0.20932435989379883,0.15379424426344257,4329
holdout_tonsil,A1TNSL,CD27,-0.2703398841118199,-0.2433089166879654,0.08785304208252742,4329
holdout_tonsil,A1TNSL,CD274,0.47644755353073104,0.3596115708351135,,4329
holdout_tonsil,A1TNSL,CD3E,0.5830324391826361,0.5554274916648865,0.5299119335332958,4329
holdout_tonsil,A1TNSL,CD4,0.17867659247027584,0.1448821872472763,0.19040570556196934,4329
holdout_tonsil,A1TNSL,CD40,0.175312410660888,0.1293310821056366,0.1569285363403059,4329
holdout_tonsil,A1TNSL,CD68,0.2582016595175872,0.21546505391597748,,4329
holdout_tonsil,A1TNSL,CD8A,0.4953289190662491,0.4873262643814087,0.27125402857472375,4329
holdout_tonsil,A1TNSL,CEACAM8,0.1015989306326254,0.06951572000980377,,4329
holdout_tonsil,A1TNSL,CR2,0.3418010673547182,0.23625518381595612,0.16777912426271274,4329
holdout_tonsil,A1TNSL,CXCR5,0.7020627284087373,0.5604671835899353,0.37260526574475034,4329
holdout_tonsil,A1TNSL,EPCAM,0.29568816292197764,0.3001137673854828,0.027129704990365974,4329
holdout_tonsil,A1TNSL,FCGR3A,0.11666115795365928,0.060880061239004135,0.024150872145521047,4329
holdout_tonsil,A1TNSL,HLA_DRA,0.5876995842168794,0.4961719810962677,,4329
holdout_tonsil,A1TNSL,ITGAM,-0.04959847263260214,0.0012716552009806037,0.059304181395943095,4329
holdout_tonsil,A1TNSL,ITGAX,0.37243499772987115,0.3160933256149292,0.20940934544632736,4329
holdout_tonsil,A1TNSL,KRT5,0.6706707570708658,0.62957364320755,0.737132794127374,4329
holdout_tonsil,A1TNSL,MS4A1,0.3163282493381369,0.2532079219818115,0.3816471986339055,4329
holdout_tonsil,A1TNSL,PAX5,0.7654362047426382,0.5630471706390381,0.6200196099860645,4329
holdout_tonsil,A1TNSL,PCNA,0.5311994830990449,0.45905938744544983,,4329
holdout_tonsil,A1TNSL,PDCD1,0.4024420796625897,0.3191664516925812,,4329
holdout_tonsil,A1TNSL,PECAM1,0.6479980835591576,0.6211883425712585,0.39721999616935044,4329
holdout_tonsil,A1TNSL,PTPRC_1,0.13207262577017603,0.07606668770313263,0.05586714337681265,4329
holdout_tonsil,A1TNSL,PTPRC_2,0.23428212921367753,0.19542498886585236,0.09499916661581835,4329
holdout_tonsil,A1TNSL,SDC1,0.19839567958092463,0.10608214139938354,0.10063051590497955,4329
holdout_tonsil,A1TNSL,VIM,0.5211784752103529,0.4251364469528198,,4329
holdout_tonsil,D1LN,ACTA2,0.30757772577231235,0.4165536165237427,0.19091952896139378,3024
holdout_tonsil,D1LN,BCL2,0.2784946899517014,0.2502635419368744,0.1276334517614788,3024
holdout_tonsil,D1LN,CCR7,0.3141815485617071,0.3887284994125366,0.17357085141797815,3024
holdout_tonsil,D1LN,CD14,0.1015127353244941,0.08954180032014847,-0.03862845476637902,3024
holdout_tonsil,D1LN,CD163,-0.42911206550487546,-0.4395517408847809,0.15770585757002442,3024
holdout_tonsil,D1LN,CD19,-0.0837931540735669,-0.0774168074131012,-0.050849643912546066,3024
holdout_tonsil,D1LN,CD27,0.012790518228059718,-0.000921799277421087,0.03481748456643391,3024
holdout_tonsil,D1LN,CD274,-0.09189489051555698,-0.03915415704250336,,3024
holdout_tonsil,D1LN,CD3E,0.4994145099102521,0.5411593914031982,0.22673366873486134,3024
holdout_tonsil,D1LN,CD4,0.4385790583570189,0.41754329204559326,0.041371477382848874,3024
holdout_tonsil,D1LN,CD40,0.1120825138922555,0.10612467676401138,0.016863798861056333,3024
holdout_tonsil,D1LN,CD68,-0.11752422929276052,-0.09139120578765869,,3024
holdout_tonsil,D1LN,CD8A,0.31951912326000864,0.3431154787540436,0.1135391009658953,3024
holdout_tonsil,D1LN,CEACAM8,0.20346744272820166,0.1837780475616455,,3024
holdout_tonsil,D1LN,CR2,0.1510458331427622,0.2966785430908203,0.13489201765236175,3024
holdout_tonsil,D1LN,CXCR5,0.38009704643602343,0.32511067390441895,0.09539768028167975,3024
holdout_tonsil,D1LN,EPCAM,0.0003529397623163599,0.018373718485236168,0.028821879303393343,3024
holdout_tonsil,D1LN,FCGR3A,0.41887561933759837,0.2640802562236786,0.017674927530011996,3024
holdout_tonsil,D1LN,HLA_DRA,0.5011951450724813,0.6116074919700623,,3024
holdout_tonsil,D1LN,ITGAM,0.08455882315489383,0.08960901200771332,0.05292519244480752,3024
holdout_tonsil,D1LN,ITGAX,0.3923257921721219,0.3702835738658905,0.09443950439800318,3024
holdout_tonsil,D1LN,KRT5,-0.0708271596962996,-0.12718018889427185,0.0059269236535694665,3024
holdout_tonsil,D1LN,MS4A1,0.18006396738434693,0.24992193281650543,0.14886518242257424,3024
holdout_tonsil,D1LN,PAX5,0.15637415458662024,0.20998358726501465,0.1551131719317968,3024
holdout_tonsil,D1LN,PCNA,0.21031262745814816,0.1886630803346634,,3024
holdout_tonsil,D1LN,PDCD1,0.2304488990460295,0.2656579613685608,,3024
holdout_tonsil,D1LN,PECAM1,0.42083556271498196,0.36397668719291687,0.14812172666845455,3024
holdout_tonsil,D1LN,PTPRC_1,0.322648222041961,0.23295676708221436,0.010283635845674226,3024
holdout_tonsil,D1LN,PTPRC_2,0.3815902793264235,0.35854125022888184,0.05185096556697428,3024
holdout_tonsil,D1LN,SDC1,0.15074154426453468,0.048332493752241135,0.017376848334124475,3024
holdout_tonsil,D1LN,VIM,-0.1968261731765792,-0.19361093640327454,,3024
holdout_tonsil,D1TNSL,ACTA2,0.2931778407865352,0.3086281418800354,0.3223794745461638,4503
holdout_tonsil,D1TNSL,BCL2,-0.31170467314416495,-0.3354259133338928,0.22374548722774126,4503
holdout_tonsil,D1TNSL,CCR7,-0.19909331493283608,-0.16588468849658966,0.15576909887886844,4503
holdout_tonsil,D1TNSL,CD14,0.40336181414528766,0.3997264802455902,0.004482538289420798,4503
holdout_tonsil,D1TNSL,CD163,-0.24702340221089641,-0.23403984308242798,0.16254381648912783,4503
holdout_tonsil,D1TNSL,CD19,0.26460691973326445,0.21913644671440125,0.14627026250582478,4503
holdout_tonsil,D1TNSL,CD27,-0.2939623499628045,-0.26064595580101013,0.07318086789897786,4503
holdout_tonsil,D1TNSL,CD274,0.4103533147364421,0.3470948040485382,,4503
holdout_tonsil,D1TNSL,CD3E,0.6019948883791393,0.5886743068695068,0.5152749917471174,4503
holdout_tonsil,D1TNSL,CD4,0.07700353592581372,0.0570942722260952,0.11563498309630578,4503
holdout_tonsil,D1TNSL,CD40,0.17930318674324092,0.11518259346485138,0.10165384758413924,4503
holdout_tonsil,D1TNSL,CD68,0.3012647486218416,0.2756619155406952,,4503
holdout_tonsil,D1TNSL,CD8A,0.53768221112237,0.5369354486465454,0.2734812677155896,4503
holdout_tonsil,D1TNSL,CEACAM8,0.04854461580280333,0.022843459621071815,,4503
holdout_tonsil,D1TNSL,CR2,0.30174471403720615,0.23200944066047668,0.15356645883071407,4503
holdout_tonsil,D1TNSL,CXCR5,0.6672089088056675,0.5532379746437073,0.3601943606412287,4503
holdout_tonsil,D1TNSL,EPCAM,0.2757771008357812,0.2515304982662201,0.025441477632084167,4503
holdout_tonsil,D1TNSL,FCGR3A,0.07445750197418095,-0.022627411410212517,0.022288044527678876,4503
holdout_tonsil,D1TNSL,HLA_DRA,0.5641192778689313,0.5390316843986511,,4503
holdout_tonsil,D1TNSL,ITGAM,-0.051225580838239415,0.017952093854546547,0.01875700312986494,4503
holdout_tonsil,D1TNSL,ITGAX,0.3055627116438829,0.2762821614742279,0.1707193479329083,4503
holdout_tonsil,D1TNSL,KRT5,0.7016325050218656,0.610834538936615,0.7589682868012376,4503
holdout_tonsil,D1TNSL,MS4A1,0.31961385777518514,0.34625566005706787,0.3989978876446649,4503
holdout_tonsil,D1TNSL,PAX5,0.7171081882904446,0.5011112689971924,0.5751095641091322,4503
holdout_tonsil,D1TNSL,PCNA,0.4326019239708813,0.4037235677242279,,4503
holdout_tonsil,D1TNSL,PDCD1,0.4478540140937608,0.4111005365848541,,4503
holdout_tonsil,D1TNSL,PECAM1,0.6650510148654137,0.6395233869552612,0.3947659843274154,4503
holdout_tonsil,D1TNSL,PTPRC_1,0.07757127293067481,0.050614990293979645,-0.006302516474979643,4503
holdout_tonsil,D1TNSL,PTPRC_2,0.321399748886096,0.29977449774742126,0.09724058150350368,4503
holdout_tonsil,D1TNSL,SDC1,0.18130920696395103,0.13046209514141083,0.09490410907615925,4503
holdout_tonsil,D1TNSL,VIM,0.4685729022583058,0.4233367145061493,,4503
holdout_breast_cancer,A1LN,ACTA2,-0.2841428510021821,-0.23951105773448944,0.18879948630735852,3394
holdout_breast_cancer,A1LN,BCL2,0.34243789733198604,0.0760720744729042,0.15647869172869175,3394
holdout_breast_cancer,A1LN,CCR7,0.2182083645794746,0.35360878705978394,0.18106180684323625,3394
holdout_breast_cancer,A1LN,CD14,-0.21236929815682337,-0.14857235550880432,-0.0008498758638033758,3394
holdout_breast_cancer,A1LN,CD163,-0.24390532559031644,-0.2638099491596222,0.10493255133400267,3394
holdout_breast_cancer,A1LN,CD19,0.06643723540167086,0.009074358269572258,-0.03644918730602254,3394
holdout_breast_cancer,A1LN,CD27,0.14661919109738367,0.12438233941793442,0.028579139274490982,3394
holdout_breast_cancer,A1LN,CD274,-0.03602986143103581,0.05391496792435646,,3394
holdout_breast_cancer,A1LN,CD3E,0.7281626190543112,0.7183400392532349,0.31448273680221894,3394
holdout_breast_cancer,A1LN,CD4,0.33591179700688617,0.21588170528411865,0.02810607797052522,3394
holdout_breast_cancer,A1LN,CD40,0.1575179007052152,0.1158645823597908,-0.012466496659689182,3394
holdout_breast_cancer,A1LN,CD68,-0.41548018037588624,-0.394839882850647,,3394
holdout_breast_cancer,A1LN,CD8A,0.45661101803384563,0.4078878164291382,0.1666242757036654,3394
holdout_breast_cancer,A1LN,CEACAM8,0.3311657047963417,0.3660493791103363,,3394
holdout_breast_cancer,A1LN,CR2,0.24554304241716884,0.18546897172927856,0.13483327947743293,3394
holdout_breast_cancer,A1LN,CXCR5,0.35084555731432726,0.3175063729286194,0.15980819718303063,3394
holdout_breast_cancer,A1LN,EPCAM,0.0524835946204102,0.04493222013115883,0.030884136593346538,3394
holdout_breast_cancer,A1LN,FCGR3A,0.19079481159751718,0.04152107983827591,0.00724682082662027,3394
holdout_breast_cancer,A1LN,HLA_DRA,0.3524256306940708,0.3398767113685608,,3394
holdout_breast_cancer,A1LN,ITGAM,0.340489536975488,0.3763212561607361,0.030657095499209114,3394
holdout_breast_cancer,A1LN,ITGAX,0.3177042653020105,0.2767939567565918,0.12491678182344548,3394
holdout_breast_cancer,A1LN,KRT5,0.027079800964816957,0.03646033629775047,0.008421087315135602,3394
holdout_breast_cancer,A1LN,MS4A1,0.10810081393723592,0.19263146817684174,0.20982428839512945,3394
holdout_breast_cancer,A1LN,PAX5,0.42954054358210225,0.21935133635997772,0.1279242869021218,3394
holdout_breast_cancer,A1LN,PCNA,-0.31849418025350174,-0.22864164412021637,,3394
holdout_breast_cancer,A1LN,PDCD1,0.3133878511653309,0.2149677723646164,,3394
holdout_breast_cancer,A1LN,PECAM1,-0.1985660821166326,-0.16628165543079376,0.21159423505340763,3394
holdout_breast_cancer,A1LN,PTPRC_1,0.20657455237166697,0.17180722951889038,0.03879740726921422,3394
holdout_breast_cancer,A1LN,PTPRC_2,0.3905384110193375,0.3016434907913208,0.08531263522099455,3394
holdout_breast_cancer,A1LN,SDC1,0.09290391344220919,-0.07147220522165298,0.005886040616457618,3394
holdout_breast_cancer,A1LN,VIM,-0.4662291763930819,-0.45252832770347595,,3394
holdout_breast_cancer,A1TNSL,ACTA2,0.7405421459126852,0.5978981852531433,0.26911778085746074,4329
holdout_breast_cancer,A1TNSL,BCL2,0.5253571388627328,0.5642229914665222,0.2626521594577437,4329
holdout_breast_cancer,A1TNSL,CCR7,0.28759737854188244,0.30656376481056213,0.17703927112668508,4329
holdout_breast_cancer,A1TNSL,CD14,-0.028021107009601764,-0.00205129268579185,0.020753127388220688,4329
holdout_breast_cancer,A1TNSL,CD163,0.07091289454942662,0.0639546662569046,0.061707853761876645,4329
holdout_breast_cancer,A1TNSL,CD19,0.12714894419676975,0.05157773196697235,0.15379424426344257,4329
holdout_breast_cancer,A1TNSL,CD27,0.08964700310628247,0.04775969684123993,0.08785304208252742,4329
holdout_breast_cancer,A1TNSL,CD274,0.5384092331504017,0.4378102719783783,,4329
holdout_breast_cancer,A1TNSL,CD3E,0.8239443387341696,0.7857567071914673,0.5299119335332958,4329
holdout_breast_cancer,A1TNSL,CD4,0.3737307963386168,0.2722355127334595,0.19040570556196934,4329
holdout_breast_cancer,A1TNSL,CD40,0.09703533731472931,-0.06611171364784241,0.1569285363403059,4329
holdout_breast_cancer,A1TNSL,CD68,0.17133411493427528,0.18134544789791107,,4329
holdout_breast_cancer,A1TNSL,CD8A,0.7378804777182466,0.7054056525230408,0.27125402857472375,4329
holdout_breast_cancer,A1TNSL,CEACAM8,0.4105729438033109,0.38548821210861206,,4329
holdout_breast_cancer,A1TNSL,CR2,0.27233762180997856,0.23940694332122803,0.16777912426271274,4329
holdout_breast_cancer,A1TNSL,CXCR5,0.6990063963964637,0.5700579881668091,0.37260526574475034,4329
holdout_breast_cancer,A1TNSL,EPCAM,-0.04800372489625485,0.005035018548369408,0.027129704990365974,4329
holdout_breast_cancer,A1TNSL,FCGR3A,0.15376894104027192,0.11488094180822372,0.024150872145521047,4329
holdout_breast_cancer,A1TNSL,HLA_DRA,0.7257463177972199,0.617238461971283,,4329
holdout_breast_cancer,A1TNSL,ITGAM,0.18344504783681267,0.2087118774652481,0.059304181395943095,4329
holdout_breast_cancer,A1TNSL,ITGAX,0.3864367649807751,0.3373888432979584,0.20940934544632736,4329
holdout_breast_cancer,A1TNSL,KRT5,0.7663941349786948,0.6851293444633484,0.737132794127374,4329
holdout_breast_cancer,A1TNSL,MS4A1,0.31130164516757924,0.2326049953699112,0.3816471986339055,4329
holdout_breast_cancer,A1TNSL,PAX5,0.7146018454306511,0.5241155624389648,0.6200196099860645,4329
holdout_breast_cancer,A1TNSL,PCNA,0.44994162481173366,0.46613436937332153,,4329
holdout_breast_cancer,A1TNSL,PDCD1,0.36688296029853285,0.29035836458206177,,4329
holdout_breast_cancer,A1TNSL,PECAM1,0.33904789350759734,0.3343466520309448,0.39721999616935044,4329
holdout_breast_cancer,A1TNSL,PTPRC_1,0.021969970564249527,-0.019122282043099403,0.05586714337681265,4329
holdout_breast_cancer,A1TNSL,PTPRC_2,0.3760916542854908,0.27417564392089844,0.09499916661581835,4329
holdout_breast_cancer,A1TNSL,SDC1,0.2200836294287129,0.12992550432682037,0.10063051590497955,4329
holdout_breast_cancer,A1TNSL,VIM,0.22327941973190552,0.1405916064977646,,4329
holdout_breast_cancer,D1LN,ACTA2,-0.2129874539226088,-0.20113633573055267,0.19091952896139378,3024
holdout_breast_cancer,D1LN,BCL2,0.3912563575600871,0.3366127610206604,0.1276334517614788,3024
holdout_breast_cancer,D1LN,CCR7,0.3506371835236854,0.5272690653800964,0.17357085141797815,3024
holdout_breast_cancer,D1LN,CD14,-0.03406955829590533,-0.03424523025751114,-0.03862845476637902,3024
holdout_breast_cancer,D1LN,CD163,-0.09133341641660882,-0.05017783120274544,0.15770585757002442,3024
holdout_breast_cancer,D1LN,CD19,0.04830707719890651,0.006187706720083952,-0.050849643912546066,3024
holdout_breast_cancer,D1LN,CD27,0.08527520285850754,0.08420273661613464,0.03481748456643391,3024
holdout_breast_cancer,D1LN,CD274,0.027212488593963025,0.030363697558641434,,3024
holdout_breast_cancer,D1LN,CD3E,0.6661944659645107,0.6759870052337646,0.22673366873486134,3024
holdout_breast_cancer,D1LN,CD4,0.5025178567794273,0.46401000022888184,0.041371477382848874,3024
holdout_breast_cancer,D1LN,CD40,0.11901477414205237,0.13207855820655823,0.016863798861056333,3024
holdout_breast_cancer,D1LN,CD68,-0.2939677836024178,-0.2571772038936615,,3024
holdout_breast_cancer,D1LN,CD8A,0.4487064125894821,0.4473845958709717,0.1135391009658953,3024
holdout_breast_cancer,D1LN,CEACAM8,0.1914207560774953,0.19118165969848633,,3024
holdout_breast_cancer,D1LN,CR2,0.15839345299990734,0.21326467394828796,0.13489201765236175,3024
holdout_breast_cancer,D1LN,CXCR5,0.3532988098720514,0.30997616052627563,0.09539768028167975,3024
holdout_breast_cancer,D1LN,EPCAM,0.17953790255678295,0.16281737387180328,0.028821879303393343,3024
holdout_breast_cancer,D1LN,FCGR3A,0.35008870429142125,0.23526522517204285,0.017674927530011996,3024
holdout_breast_cancer,D1LN,HLA_DRA,0.3673653027606054,0.367824912071228,,3024
holdout_breast_cancer,D1LN,ITGAM,0.1865822791339644,0.37179213762283325,0.05292519244480752,3024
holdout_breast_cancer,D1LN,ITGAX,0.3011381056704099,0.2633730173110962,0.09443950439800318,3024
holdout_breast_cancer,D1LN,KRT5,-0.06477209122304799,-0.0749124065041542,0.0059269236535694665,3024
holdout_breast_cancer,D1LN,MS4A1,0.17701917597351383,0.17305392026901245,0.14886518242257424,3024
holdout_breast_cancer,D1LN,PAX5,0.40541255859580605,0.3369564414024353,0.1551131719317968,3024
holdout_breast_cancer,D1LN,PCNA,-0.2346110997634169,-0.18901368975639343,,3024
holdout_breast_cancer,D1LN,PDCD1,0.3975670617269872,0.3828389346599579,,3024
holdout_breast_cancer,D1LN,PECAM1,0.029194669769684333,0.05413329228758812,0.14812172666845455,3024
holdout_breast_cancer,D1LN,PTPRC_1,0.22916540420855824,0.20405162870883942,0.010283635845674226,3024
holdout_breast_cancer,D1LN,PTPRC_2,0.483545530929057,0.4325138330459595,0.05185096556697428,3024
holdout_breast_cancer,D1LN,SDC1,0.060700582789956825,0.013556108810007572,0.017376848334124475,3024
holdout_breast_cancer,D1LN,VIM,-0.3114634130062393,-0.2928009629249573,,3024
holdout_breast_cancer,D1TNSL,ACTA2,0.7417343067008337,0.5924530029296875,0.3223794745461638,4503
holdout_breast_cancer,D1TNSL,BCL2,0.5161456555932599,0.5822638869285583,0.22374548722774126,4503
holdout_breast_cancer,D1TNSL,CCR7,0.3296995633002976,0.40342724323272705,0.15576909887886844,4503
holdout_breast_cancer,D1TNSL,CD14,-0.0411041322518902,0.005965342279523611,0.004482538289420798,4503
holdout_breast_cancer,D1TNSL,CD163,0.1800085917752937,0.15472909808158875,0.16254381648912783,4503
holdout_breast_cancer,D1TNSL,CD19,0.12829985820646547,0.07702730596065521,0.14627026250582478,4503
holdout_breast_cancer,D1TNSL,CD27,0.12793362832211114,0.11084465682506561,0.07318086789897786,4503
holdout_breast_cancer,D1TNSL,CD274,0.5030383400271206,0.43663281202316284,,4503
holdout_breast_cancer,D1TNSL,CD3E,0.8277694149544017,0.8278998732566833,0.5152749917471174,4503
holdout_breast_cancer,D1TNSL,CD4,0.3352477991066294,0.3000276982784271,0.11563498309630578,4503
holdout_breast_cancer,D1TNSL,CD40,0.001773924835368335,-0.1333761066198349,0.10165384758413924,4503
holdout_breast_cancer,D1TNSL,CD68,0.15357106776252796,0.14538495242595673,,4503
holdout_breast_cancer,D1TNSL,CD8A,0.7665015736780962,0.7486495971679688,0.2734812677155896,4503
holdout_breast_cancer,D1TNSL,CEACAM8,0.4154927446601448,0.4029127359390259,,4503
holdout_breast_cancer,D1TNSL,CR2,0.30739678819964844,0.30261731147766113,0.15356645883071407,4503
holdout_breast_cancer,D1TNSL,CXCR5,0.6469956674631973,0.5507484078407288,0.3601943606412287,4503
holdout_breast_cancer,D1TNSL,EPCAM,-0.07337810267686874,0.023895684629678726,0.025441477632084167,4503
holdout_breast_cancer,D1TNSL,FCGR3A,0.12556977751988463,0.0945315808057785,0.022288044527678876,4503
holdout_breast_cancer,D1TNSL,HLA_DRA,0.7125613092209331,0.6650961637496948,,4503
holdout_breast_cancer,D1TNSL,ITGAM,0.17277663919902203,0.23251283168792725,0.01875700312986494,4503
holdout_breast_cancer,D1TNSL,ITGAX,0.35712809769775,0.3371812701225281,0.1707193479329083,4503
holdout_breast_cancer,D1TNSL,KRT5,0.8010995290311419,0.6759002804756165,0.7589682868012376,4503
holdout_breast_cancer,D1TNSL,MS4A1,0.3062065812771524,0.26963239908218384,0.3989978876446649,4503
holdout_breast_cancer,D1TNSL,PAX5,0.6915771251557628,0.47489458322525024,0.5751095641091322,4503
holdout_breast_cancer,D1TNSL,PCNA,0.3938475336796121,0.4537052512168884,,4503
holdout_breast_cancer,D1TNSL,PDCD1,0.38717850730312336,0.3741225600242615,,4503
holdout_breast_cancer,D1TNSL,PECAM1,0.3284749441971819,0.31474411487579346,0.3947659843274154,4503
holdout_breast_cancer,D1TNSL,PTPRC_1,-0.0480438517204774,-0.0077139148488640785,-0.006302516474979643,4503
holdout_breast_cancer,D1TNSL,PTPRC_2,0.46317522713871323,0.41599568724632263,0.09724058150350368,4503
holdout_breast_cancer,D1TNSL,SDC1,0.24264228935455148,0.1560036689043045,0.09490410907615925,4503
holdout_breast_cancer,D1TNSL,VIM,0.09887800672447597,0.05686075985431671,,4503
