input,ckpt,sample,protein,isotype,pcc,spearman,std_true
proc,holdout_tonsil,A1LN,ACTA2,False,0.5572322001104972,0.47168747405269845,0.9472047090530396
proc,holdout_tonsil,A1LN,BCL2,False,0.21626127367731057,0.40009232410011475,0.4133993983268738
proc,holdout_tonsil,A1LN,CCR7,False,0.2962649896513275,0.21557587383580587,0.37162232398986816
proc,holdout_tonsil,A1LN,CD14,False,0.25721694927982286,0.2893822419418394,0.35032927989959717
proc,holdout_tonsil,A1LN,CD163,False,-0.11502955246698657,0.00709682575097756,0.4647635221481323
proc,holdout_tonsil,A1LN,CD19,False,0.3725038471284763,0.4520333866359777,0.4245547354221344
proc,holdout_tonsil,A1LN,CD27,False,0.017336913439680027,0.17907229010547582,0.3306097686290741
proc,holdout_tonsil,A1LN,CD274,False,-0.04099258643902334,-0.18683115420490468,1.2016589641571045
proc,holdout_tonsil,A1LN,CD3E,False,0.7030293182358479,0.7365368449899157,0.5856879949569702
proc,holdout_tonsil,A1LN,CD4,False,0.10510526882926789,0.32798206127315166,0.31244197487831116
proc,holdout_tonsil,A1LN,CD40,False,0.08928446139406421,0.05042615801996123,0.32575058937072754
proc,holdout_tonsil,A1LN,CD68,False,0.37605830043643007,0.3779957528541643,0.6922484040260315
proc,holdout_tonsil,A1LN,CD8A,False,0.4102538456105029,0.4604279165292725,0.5597680807113647
proc,holdout_tonsil,A1LN,CEACAM8,False,-0.004905618182161358,-0.003236196600809738,1.7214621305465698
proc,holdout_tonsil,A1LN,CR2,False,-0.035312689547302524,-0.12628950997382687,0.3152431547641754
proc,holdout_tonsil,A1LN,CXCR5,False,0.37103141969607994,0.4162075603372874,0.7962615489959717
proc,holdout_tonsil,A1LN,EPCAM,False,-0.00794200596038014,-0.04603979971990578,0.4880926012992859
proc,holdout_tonsil,A1LN,FCGR3A,False,0.17751451442758862,0.4519426411803353,2.5281803607940674
proc,holdout_tonsil,A1LN,HLA_DRA,False,0.5096673879646645,0.40450839624165924,0.8589324951171875
proc,holdout_tonsil,A1LN,ITGAM,False,0.32368644943212005,0.25859720618974036,0.6453465819358826
proc,holdout_tonsil,A1LN,ITGAX,False,0.24729274649134095,0.29466185294774716,0.7090064287185669
proc,holdout_tonsil,A1LN,KRT5,False,0.08684314431744938,0.12577087146098226,2.491554021835327
proc,holdout_tonsil,A1LN,MS4A1,False,0.2244004807925465,0.10357207699778496,0.7290773391723633
proc,holdout_tonsil,A1LN,PAX5,False,0.35150038097249825,0.2664471348234187,1.3240177631378174
proc,holdout_tonsil,A1LN,PCNA,False,-0.22873170966122744,-0.3306384706927501,0.6217760443687439
proc,holdout_tonsil,A1LN,PDCD1,False,-0.17156434918129876,-0.27069194946976805,0.4648968577384949
proc,holdout_tonsil,A1LN,PECAM1,False,0.5749893709280345,0.6210309751813188,0.4987795650959015
proc,holdout_tonsil,A1LN,PTPRC_1,False,0.21324832511430195,0.2873320727390902,0.4473893344402313
proc,holdout_tonsil,A1LN,PTPRC_2,False,0.3231530514589717,0.43240386087039845,0.5496691465377808
proc,holdout_tonsil,A1LN,SDC1,False,-0.09838771891322085,0.11745836444774535,1.2163556814193726
proc,holdout_tonsil,A1LN,VIM,False,-0.14137015104225722,0.13599476361011045,0.5705645680427551
proc,holdout_tonsil,A1LN,mouse_IgG1k,True,-0.15218611501316665,0.02177630198802558,0.8905408978462219
proc,holdout_tonsil,A1LN,mouse_IgG2a,True,-0.11553832389754078,0.012504297726268872,1.1811292171478271
proc,holdout_tonsil,A1LN,mouse_IgG2bk,True,-0.020057348759748572,0.3096967953484753,2.0679969787597656
proc,holdout_tonsil,A1LN,rat_IgG2a,True,0.09913233793741318,0.16838043132273076,0.5108078718185425
proc,holdout_tonsil,A1TNSL,ACTA2,False,0.5175303690147542,0.4561492637271875,0.9816176295280457
proc,holdout_tonsil,A1TNSL,BCL2,False,-0.0934913759585881,-0.10223801058668995,0.41672930121421814
proc,holdout_tonsil,A1TNSL,CCR7,False,0.11795195056104064,0.14999756443514037,0.3251306712627411
proc,holdout_tonsil,A1TNSL,CD14,False,0.49950823585479265,0.3958404976924822,0.32268577814102173
proc,holdout_tonsil,A1TNSL,CD163,False,0.19950506275243954,0.18934917241300167,0.32056933641433716
proc,holdout_tonsil,A1TNSL,CD19,False,0.25998896902811264,0.3662707430607947,0.31155577301979065
proc,holdout_tonsil,A1TNSL,CD27,False,0.11701708698307291,0.18497240766692724,0.34487611055374146
proc,holdout_tonsil,A1TNSL,CD274,False,0.1961241851945103,0.26588944898797184,0.9813857674598694
proc,holdout_tonsil,A1TNSL,CD3E,False,0.467249837830964,0.5709437372048054,0.6660586595535278
proc,holdout_tonsil,A1TNSL,CD4,False,0.291888440440687,0.4068693365399214,0.3263619840145111
proc,holdout_tonsil,A1TNSL,CD40,False,0.1693342920586272,0.2204086521239192,0.3236820101737976
proc,holdout_tonsil,A1TNSL,CD68,False,0.15507593454911892,0.23217797116189023,0.5548874139785767
proc,holdout_tonsil,A1TNSL,CD8A,False,0.20818072654397898,0.21350306563163352,0.7114025354385376
proc,holdout_tonsil,A1TNSL,CEACAM8,False,0.26290330838952297,0.35586314952045023,1.4316502809524536
proc,holdout_tonsil,A1TNSL,CR2,False,0.5199740069895309,0.570667707670643,0.30960702896118164
proc,holdout_tonsil,A1TNSL,CXCR5,False,0.5603366768404403,0.7096952477699906,0.7084229588508606
proc,holdout_tonsil,A1TNSL,EPCAM,False,0.38783078651786534,0.2997734505687171,0.36791327595710754
proc,holdout_tonsil,A1TNSL,FCGR3A,False,0.01777956814516052,0.1479374183729135,2.3800911903381348
proc,holdout_tonsil,A1TNSL,HLA_DRA,False,0.5902920662325788,0.6657081649317254,0.7376915812492371
proc,holdout_tonsil,A1TNSL,ITGAM,False,0.23541657214004694,0.2985594498368457,0.49889442324638367
proc,holdout_tonsil,A1TNSL,ITGAX,False,0.17446332627833927,0.19989173663214121,0.4601469039916992
proc,holdout_tonsil,A1TNSL,KRT5,False,0.651109409205977,0.7002859016030298,1.8581171035766602
proc,holdout_tonsil,A1TNSL,MS4A1,False,0.26087033925558933,0.3631792967982899,0.613613486289978
proc,holdout_tonsil,A1TNSL,PAX5,False,0.5644001493350391,0.7608887415496081,1.2572652101516724
proc,holdout_tonsil,A1TNSL,PCNA,False,0.30884130858758774,0.4059737050842842,0.5045199990272522
proc,holdout_tonsil,A1TNSL,PDCD1,False,0.48767081560364817,0.5219723704636239,0.37453770637512207
proc,holdout_tonsil,A1TNSL,PECAM1,False,0.5661562527386909,0.5670251534259118,0.5309495329856873
proc,holdout_tonsil,A1TNSL,PTPRC_1,False,0.09173998610428558,0.12773294822273687,0.31006091833114624
proc,holdout_tonsil,A1TNSL,PTPRC_2,False,0.18586292854138528,0.28880248555471494,0.5564631223678589
proc,holdout_tonsil,A1TNSL,SDC1,False,0.12360227950753498,0.2090672134822273,0.8716378808021545
proc,holdout_tonsil,A1TNSL,VIM,False,0.6371456578072598,0.6795502101888635,0.5282660722732544
proc,holdout_tonsil,A1TNSL,mouse_IgG1k,True,0.19491273285231522,0.20688982521753194,0.5338561534881592
proc,holdout_tonsil,A1TNSL,mouse_IgG2a,True,0.01323863546104311,0.029452491220304352,0.6250791549682617
proc,holdout_tonsil,A1TNSL,mouse_IgG2bk,True,-0.07272417335948027,0.03592682889214209,2.0004894733428955
proc,holdout_tonsil,A1TNSL,rat_IgG2a,True,0.2506752133865554,0.21705639443331703,0.37980926036834717
proc,holdout_tonsil,D1LN,ACTA2,False,0.49211229862089645,0.37539673513600685,0.7250224947929382
proc,holdout_tonsil,D1LN,BCL2,False,0.4103567804195182,0.5070977792960578,0.3144398331642151
proc,holdout_tonsil,D1LN,CCR7,False,0.5763623115964052,0.4161127920557675,0.3383185565471649
proc,holdout_tonsil,D1LN,CD14,False,0.07270947482341043,0.04495672145628541,0.262919157743454
proc,holdout_tonsil,D1LN,CD163,False,0.049368304518001616,-0.013758783787576489,0.35364583134651184
proc,holdout_tonsil,D1LN,CD19,False,0.2582739514577029,0.31503258122042715,0.322081983089447
proc,holdout_tonsil,D1LN,CD27,False,0.17283476713136406,0.21715718004324097,0.3246697187423706
proc,holdout_tonsil,D1LN,CD274,False,-0.07781993513983372,-0.20245472975151507,0.7648149728775024
proc,holdout_tonsil,D1LN,CD3E,False,0.728994405979204,0.71554422081796,0.5474452972412109
proc,holdout_tonsil,D1LN,CD4,False,0.4716641354906036,0.520909690141415,0.26296892762184143
proc,holdout_tonsil,D1LN,CD40,False,0.009798691560217105,-0.015096983518731545,0.2707076966762543
proc,holdout_tonsil,D1LN,CD68,False,0.400952688917117,0.3960347268084916,0.6308062076568604
proc,holdout_tonsil,D1LN,CD8A,False,0.44688617574434675,0.4378063234600806,0.4468434453010559
proc,holdout_tonsil,D1LN,CEACAM8,False,-0.024203871867054638,-0.025005921649426353,1.4823554754257202
proc,holdout_tonsil,D1LN,CR2,False,-0.1350003470101336,-0.17574566446247233,0.24920065701007843
proc,holdout_tonsil,D1LN,CXCR5,False,0.36710380397021736,0.40218775430605946,0.5516594052314758
proc,holdout_tonsil,D1LN,EPCAM,False,-0.14390709677920174,-0.20406353686888257,0.2833028733730316
proc,holdout_tonsil,D1LN,FCGR3A,False,0.32453355191341693,0.5450673953822942,2.381760597229004
proc,holdout_tonsil,D1LN,HLA_DRA,False,0.6441555363874375,0.48084335846793375,0.7523378133773804
proc,holdout_tonsil,D1LN,ITGAM,False,0.10566896831227209,0.05166662719437393,0.48048120737075806
proc,holdout_tonsil,D1LN,ITGAX,False,0.2372198642407908,0.2954472488974888,0.4036928117275238
proc,holdout_tonsil,D1LN,KRT5,False,0.016011406595049998,0.08340009750882747,2.1408839225769043
proc,holdout_tonsil,D1LN,MS4A1,False,0.23823205650706114,0.16757659899752347,0.43474096059799194
proc,holdout_tonsil,D1LN,PAX5,False,0.24309846752535208,0.20097331215425857,0.7491156458854675
proc,holdout_tonsil,D1LN,PCNA,False,-0.41552654565576663,-0.44345017502249157,0.49408024549484253
proc,holdout_tonsil,D1LN,PDCD1,False,-0.3206483904037363,-0.412089202555224,0.31080517172813416
proc,holdout_tonsil,D1LN,PECAM1,False,0.4410174079082087,0.4934085870425441,0.34858715534210205
proc,holdout_tonsil,D1LN,PTPRC_1,False,0.24166355643193255,0.32540795177850484,0.3015083968639374
proc,holdout_tonsil,D1LN,PTPRC_2,False,0.4598109328218099,0.5330605473476794,0.40638190507888794
proc,holdout_tonsil,D1LN,SDC1,False,-0.046035013768067096,0.06284335117763681,0.7057138681411743
proc,holdout_tonsil,D1LN,VIM,False,0.29143182893583247,0.27949443827123005,0.41678351163864136
proc,holdout_tonsil,D1LN,mouse_IgG1k,True,-0.04683889564083854,0.03402672475666646,0.585074782371521
proc,holdout_tonsil,D1LN,mouse_IgG2a,True,-0.1134144366671932,-0.09655164514475105,0.7170398235321045
proc,holdout_tonsil,D1LN,mouse_IgG2bk,True,0.12396825479446867,0.3475657479924416,1.598583459854126
proc,holdout_tonsil,D1LN,rat_IgG2a,True,0.02639731847574961,0.06568619204874358,0.3989099860191345
proc,holdout_tonsil,D1TNSL,ACTA2,False,0.4566942834412378,0.48028253936962256,1.148900032043457
proc,holdout_tonsil,D1TNSL,BCL2,False,-0.04563083987404886,-0.09774514106783248,0.4172714054584503
proc,holdout_tonsil,D1TNSL,CCR7,False,0.20767559617750297,0.19107577738256673,0.2987702190876007
proc,holdout_tonsil,D1TNSL,CD14,False,0.5275786384091214,0.43619971962975573,0.29528936743736267
proc,holdout_tonsil,D1TNSL,CD163,False,0.32099603543509175,0.3370439439015292,0.3043749928474426
proc,holdout_tonsil,D1TNSL,CD19,False,0.24220434276112301,0.3150193789535052,0.292437344789505
proc,holdout_tonsil,D1TNSL,CD27,False,0.22689705271403118,0.25652722153800406,0.299000084400177
proc,holdout_tonsil,D1TNSL,CD274,False,0.24295254496702348,0.33875445233134827,1.077217936515808
proc,holdout_tonsil,D1TNSL,CD3E,False,0.502344867938989,0.5676673404839829,0.6548892855644226
proc,holdout_tonsil,D1TNSL,CD4,False,0.40337886579298443,0.45744377010138376,0.296676367521286
proc,holdout_tonsil,D1TNSL,CD40,False,0.22734133996196265,0.2338974813115741,0.3048935830593109
proc,holdout_tonsil,D1TNSL,CD68,False,0.27103232948072314,0.2786895210217111,0.4628540277481079
proc,holdout_tonsil,D1TNSL,CD8A,False,0.23207778241490515,0.2071419989393785,0.7064542770385742
proc,holdout_tonsil,D1TNSL,CEACAM8,False,0.30354258370133136,0.3997839660276688,1.5376195907592773
proc,holdout_tonsil,D1TNSL,CR2,False,0.5376022787616488,0.5789587680840212,0.28936871886253357
proc,holdout_tonsil,D1TNSL,CXCR5,False,0.5432085260742193,0.6662800279851382,0.6666170954704285
proc,holdout_tonsil,D1TNSL,EPCAM,False,0.3195753888638033,0.26558282908785186,0.348002552986145
proc,holdout_tonsil,D1TNSL,FCGR3A,False,-0.00077889583625721,0.10706313582601099,2.5843493938446045
proc,holdout_tonsil,D1TNSL,HLA_DRA,False,0.6155732249858993,0.6460835318194423,0.6368578672409058
proc,holdout_tonsil,D1TNSL,ITGAM,False,0.16042498337981956,0.21006217905964675,0.5018478631973267
proc,holdout_tonsil,D1TNSL,ITGAX,False,0.19151549744178345,0.17727516795306586,0.3884548842906952
proc,holdout_tonsil,D1TNSL,KRT5,False,0.6164409402712722,0.7249009208328885,2.1873109340667725
proc,holdout_tonsil,D1TNSL,MS4A1,False,0.31224602801919304,0.3678503881540593,0.44985833764076233
proc,holdout_tonsil,D1TNSL,PAX5,False,0.4948011631585672,0.7226247943479182,1.452308177947998
proc,holdout_tonsil,D1TNSL,PCNA,False,0.2995120894852762,0.33830120060203445,0.44918549060821533
proc,holdout_tonsil,D1TNSL,PDCD1,False,0.4756185614541811,0.5047335105711109,0.3585948646068573
proc,holdout_tonsil,D1TNSL,PECAM1,False,0.5417541353824027,0.5941485334860536,0.5311615467071533
proc,holdout_tonsil,D1TNSL,PTPRC_1,False,0.10547392183270576,0.10703255333948695,0.30735158920288086
proc,holdout_tonsil,D1TNSL,PTPRC_2,False,0.22745040914903583,0.3286111798087351,0.3966123163700104
proc,holdout_tonsil,D1TNSL,SDC1,False,0.19722211760462227,0.23653815572964243,0.7226737141609192
proc,holdout_tonsil,D1TNSL,VIM,False,0.6854627004851366,0.7119573146700531,0.529035210609436
proc,holdout_tonsil,D1TNSL,mouse_IgG1k,True,0.167953565222393,0.13387030405547853,0.5031592845916748
proc,holdout_tonsil,D1TNSL,mouse_IgG2a,True,-0.013425798763312635,0.011651658446848491,0.6502378582954407
proc,holdout_tonsil,D1TNSL,mouse_IgG2bk,True,-0.021866304012516206,0.06440067467728862,2.323211908340454
proc,holdout_tonsil,D1TNSL,rat_IgG2a,True,0.2316931771715594,0.18192482801921864,0.35160359740257263
proc,holdout_breast_cancer,A1LN,ACTA2,False,0.20669046611717665,0.25882822981640846,0.9472047090530396
proc,holdout_breast_cancer,A1LN,BCL2,False,0.02214781538796551,0.3964880840370534,0.4133993983268738
proc,holdout_breast_cancer,A1LN,CCR7,False,0.020040890611666775,0.2747482497810729,0.37162232398986816
proc,holdout_breast_cancer,A1LN,CD14,False,-0.3495901359306329,-0.18748588660288093,0.35032927989959717
proc,holdout_breast_cancer,A1LN,CD163,False,-0.21610543810028152,-0.15834966227669747,0.4647635221481323
proc,holdout_breast_cancer,A1LN,CD19,False,-0.3008977082930956,-0.43818582900614955,0.4245547354221344
proc,holdout_breast_cancer,A1LN,CD27,False,0.032060186089863024,0.22384327219265623,0.3306097686290741
proc,holdout_breast_cancer,A1LN,CD274,False,-0.08593159959151293,0.19358422862575114,1.2016589641571045
proc,holdout_breast_cancer,A1LN,CD3E,False,0.6085144449969169,0.7078161910880069,0.5856879949569702
proc,holdout_breast_cancer,A1LN,CD4,False,0.029003603948132922,0.30300010580992925,0.31244197487831116
proc,holdout_breast_cancer,A1LN,CD40,False,0.06209515765865737,0.14031858197097302,0.32575058937072754
proc,holdout_breast_cancer,A1LN,CD68,False,-0.44789959690856795,-0.5029970088785097,0.6922484040260315
proc,holdout_breast_cancer,A1LN,CD8A,False,0.4186894682117938,0.5144678400759319,0.5597680807113647
proc,holdout_breast_cancer,A1LN,CEACAM8,False,0.34423122431979225,0.2964342549618437,1.7214621305465698
proc,holdout_breast_cancer,A1LN,CR2,False,-0.04382089541389902,0.09527829722512599,0.3152431547641754
proc,holdout_breast_cancer,A1LN,CXCR5,False,0.32246657074715834,0.3580830632602847,0.7962615489959717
proc,holdout_breast_cancer,A1LN,EPCAM,False,0.011609937556819709,0.10820627865844774,0.4880926012992859
proc,holdout_breast_cancer,A1LN,FCGR3A,False,0.05487847151695843,0.4050206422812098,2.5281803607940674
proc,holdout_breast_cancer,A1LN,HLA_DRA,False,0.30288051863957854,0.3246392337210893,0.8589324951171875
proc,holdout_breast_cancer,A1LN,ITGAM,False,0.297388705838564,0.08420556879625653,0.6453465819358826
proc,holdout_breast_cancer,A1LN,ITGAX,False,0.27357994337752983,0.23912084729176686,0.7090064287185669
proc,holdout_breast_cancer,A1LN,KRT5,False,-0.09734271758634148,-0.03418969782966878,2.491554021835327
proc,holdout_breast_cancer,A1LN,MS4A1,False,0.1804502114509095,0.09737034698229058,0.7290773391723633
proc,holdout_breast_cancer,A1LN,PAX5,False,0.0038534373126041174,0.016446421993432127,1.3240177631378174
proc,holdout_breast_cancer,A1LN,PCNA,False,-0.33450397946002497,-0.46338802623771325,0.6217760443687439
proc,holdout_breast_cancer,A1LN,PDCD1,False,0.1651745869331275,0.27733744489303325,0.4648968577384949
proc,holdout_breast_cancer,A1LN,PECAM1,False,0.5462558365432133,0.6230702993904912,0.4987795650959015
proc,holdout_breast_cancer,A1LN,PTPRC_1,False,0.23752435081004053,0.26590462207134663,0.4473893344402313
proc,holdout_breast_cancer,A1LN,PTPRC_2,False,0.243820001182344,0.3500840898750117,0.5496691465377808
proc,holdout_breast_cancer,A1LN,SDC1,False,-0.11668970707242791,0.08741403783097344,1.2163556814193726
proc,holdout_breast_cancer,A1LN,VIM,False,-0.478027300278595,-0.2862929697134945,0.5705645680427551
proc,holdout_breast_cancer,A1LN,mouse_IgG1k,True,-0.22129628564570758,0.03834823458958515,0.8905408978462219
proc,holdout_breast_cancer,A1LN,mouse_IgG2a,True,-0.11085240187440437,0.018783262316768686,1.1811292171478271
proc,holdout_breast_cancer,A1LN,mouse_IgG2bk,True,-0.08912416284920097,0.24573865867088918,2.0679969787597656
proc,holdout_breast_cancer,A1LN,rat_IgG2a,True,0.09345432081038361,0.15130237260901044,0.5108078718185425
proc,holdout_breast_cancer,A1TNSL,ACTA2,False,0.6767428631495163,0.7890713863489024,0.9816176295280457
proc,holdout_breast_cancer,A1TNSL,BCL2,False,0.5985117012960786,0.5249268684366153,0.41672930121421814
proc,holdout_breast_cancer,A1TNSL,CCR7,False,0.26557828339186657,0.3060189600050539,0.3251306712627411
proc,holdout_breast_cancer,A1TNSL,CD14,False,0.1466942852120045,0.26881029789297156,0.32268577814102173
proc,holdout_breast_cancer,A1TNSL,CD163,False,0.09641389014467412,0.05648645594560408,0.32056933641433716
proc,holdout_breast_cancer,A1TNSL,CD19,False,0.048106822965165164,0.14929985188770184,0.31155577301979065
proc,holdout_breast_cancer,A1TNSL,CD27,False,0.12160828533466714,0.14950504713481141,0.34487611055374146
proc,holdout_breast_cancer,A1TNSL,CD274,False,0.30199049608608103,0.2617070940633547,0.9813857674598694
proc,holdout_breast_cancer,A1TNSL,CD3E,False,0.7382059136846446,0.8125347338690089,0.6660586595535278
proc,holdout_breast_cancer,A1TNSL,CD4,False,0.11086773455119787,0.3022309725780562,0.3263619840145111
proc,holdout_breast_cancer,A1TNSL,CD40,False,-0.1374235136083631,0.16054003667568228,0.3236820101737976
proc,holdout_breast_cancer,A1TNSL,CD68,False,0.23934785421782726,0.1941701124922428,0.5548874139785767
proc,holdout_breast_cancer,A1TNSL,CD8A,False,0.7370439345465599,0.809389282123511,0.7114025354385376
proc,holdout_breast_cancer,A1TNSL,CEACAM8,False,0.3539213692495836,0.3864475357894661,1.4316502809524536
proc,holdout_breast_cancer,A1TNSL,CR2,False,0.15869984084203026,0.26926678624740197,0.30960702896118164
proc,holdout_breast_cancer,A1TNSL,CXCR5,False,0.545903390689177,0.6974409471568875,0.7084229588508606
proc,holdout_breast_cancer,A1TNSL,EPCAM,False,-0.1628411675960708,-0.12583413998659515,0.36791327595710754
proc,holdout_breast_cancer,A1TNSL,FCGR3A,False,0.06348410924289036,0.15656105277268048,2.3800911903381348
proc,holdout_breast_cancer,A1TNSL,HLA_DRA,False,0.6269150433950637,0.6908831209603654,0.7376915812492371
proc,holdout_breast_cancer,A1TNSL,ITGAM,False,0.1940664613361477,0.15141259489714626,0.49889442324638367
proc,holdout_breast_cancer,A1TNSL,ITGAX,False,0.12652238018358286,0.20738373167434904,0.4601469039916992
proc,holdout_breast_cancer,A1TNSL,KRT5,False,0.6910791929640809,0.7798378296779825,1.8581171035766602
proc,holdout_breast_cancer,A1TNSL,MS4A1,False,0.21820460229677774,0.2966465356759184,0.613613486289978
proc,holdout_breast_cancer,A1TNSL,PAX5,False,0.4913422456459376,0.6474076911157759,1.2572652101516724
proc,holdout_breast_cancer,A1TNSL,PCNA,False,0.4669264130024717,0.4589815085664698,0.5045199990272522
proc,holdout_breast_cancer,A1TNSL,PDCD1,False,0.4765714974053454,0.5140409687414421,0.37453770637512207
proc,holdout_breast_cancer,A1TNSL,PECAM1,False,0.5170913804240307,0.49165806387955086,0.5309495329856873
proc,holdout_breast_cancer,A1TNSL,PTPRC_1,False,-0.09051216027359778,-0.025006798059293497,0.31006091833114624
proc,holdout_breast_cancer,A1TNSL,PTPRC_2,False,0.30678258904838795,0.4503286321034652,0.5564631223678589
proc,holdout_breast_cancer,A1TNSL,SDC1,False,0.05209983462323056,0.1652782974529731,0.8716378808021545
proc,holdout_breast_cancer,A1TNSL,VIM,False,0.6070309984408592,0.7054593398722148,0.5282660722732544
proc,holdout_breast_cancer,A1TNSL,mouse_IgG1k,True,0.1692308665910968,0.16094830980404212,0.5338561534881592
proc,holdout_breast_cancer,A1TNSL,mouse_IgG2a,True,0.027374755083408427,0.061610138730723234,0.6250791549682617
proc,holdout_breast_cancer,A1TNSL,mouse_IgG2bk,True,-0.0751858250653649,0.023117679951646028,2.0004894733428955
proc,holdout_breast_cancer,A1TNSL,rat_IgG2a,True,0.20448957122482336,0.15268849313319605,0.37980926036834717
proc,holdout_breast_cancer,D1LN,ACTA2,False,0.3905624120469008,0.35742170366052123,0.7250224947929382
proc,holdout_breast_cancer,D1LN,BCL2,False,0.3341329045478874,0.5130556251567662,0.3144398331642151
proc,holdout_breast_cancer,D1LN,CCR7,False,0.33770027265414965,0.4352154813089189,0.3383185565471649
proc,holdout_breast_cancer,D1LN,CD14,False,-0.04388208425753474,-0.04362880547233292,0.262919157743454
proc,holdout_breast_cancer,D1LN,CD163,False,0.013440416126900051,-0.09140218041619018,0.35364583134651184
proc,holdout_breast_cancer,D1LN,CD19,False,-0.26491748895179346,-0.3702947798036216,0.322081983089447
proc,holdout_breast_cancer,D1LN,CD27,False,0.146125015042027,0.2359353024494379,0.3246697187423706
proc,holdout_breast_cancer,D1LN,CD274,False,0.11826048002953497,0.1903686074533897,0.7648149728775024
proc,holdout_breast_cancer,D1LN,CD3E,False,0.6645133517477929,0.7208445563941711,0.5474452972412109
proc,holdout_breast_cancer,D1LN,CD4,False,0.35754068689712454,0.512458618777748,0.26296892762184143
proc,holdout_breast_cancer,D1LN,CD40,False,0.19685281135880212,0.14310928994104247,0.2707076966762543
proc,holdout_breast_cancer,D1LN,CD68,False,-0.5176202576745302,-0.530763969579106,0.6308062076568604
proc,holdout_breast_cancer,D1LN,CD8A,False,0.5414243760837711,0.5669451163307662,0.4468434453010559
proc,holdout_breast_cancer,D1LN,CEACAM8,False,0.14478787939284837,0.14200918719351932,1.4823554754257202
proc,holdout_breast_cancer,D1LN,CR2,False,0.16507497321818165,0.1633459918862708,0.24920065701007843
proc,holdout_breast_cancer,D1LN,CXCR5,False,0.33498112897723736,0.36099683292590085,0.5516594052314758
proc,holdout_breast_cancer,D1LN,EPCAM,False,0.15626514682844556,0.24203972873326016,0.2833028733730316
proc,holdout_breast_cancer,D1LN,FCGR3A,False,0.2456749105647031,0.49892400208311566,2.381760597229004
proc,holdout_breast_cancer,D1LN,HLA_DRA,False,0.4038577580494261,0.39191950696416467,0.7523378133773804
proc,holdout_breast_cancer,D1LN,ITGAM,False,0.3069577637801903,0.07341788956631815,0.48048120737075806
proc,holdout_breast_cancer,D1LN,ITGAX,False,0.23412528083382758,0.26419227264113443,0.4036928117275238
proc,holdout_breast_cancer,D1LN,KRT5,False,-0.1734520233341067,-0.09957938396673843,2.1408839225769043
proc,holdout_breast_cancer,D1LN,MS4A1,False,0.22974871378520606,0.14636512696898227,0.43474096059799194
proc,holdout_breast_cancer,D1LN,PAX5,False,0.17112230242952242,0.0362818145251672,0.7491156458854675
proc,holdout_breast_cancer,D1LN,PCNA,False,-0.46430384113248463,-0.5158612472508963,0.49408024549484253
proc,holdout_breast_cancer,D1LN,PDCD1,False,0.3978997732459305,0.4349142250252484,0.31080517172813416
proc,holdout_breast_cancer,D1LN,PECAM1,False,0.43839277322755205,0.5001008697736546,0.34858715534210205
proc,holdout_breast_cancer,D1LN,PTPRC_1,False,0.17765920679661956,0.2737442433827742,0.3015083968639374
proc,holdout_breast_cancer,D1LN,PTPRC_2,False,0.4158626286048533,0.502061773094383,0.40638190507888794
proc,holdout_breast_cancer,D1LN,SDC1,False,-0.0294806047604337,0.0934205439843445,0.7057138681411743
proc,holdout_breast_cancer,D1LN,VIM,False,-0.07310152697629822,-0.09310170942969515,0.41678351163864136
proc,holdout_breast_cancer,D1LN,mouse_IgG1k,True,-0.14280993653353619,0.02744102292040746,0.585074782371521
proc,holdout_breast_cancer,D1LN,mouse_IgG2a,True,-0.14218074676575654,-0.09147789075073891,0.7170398235321045
proc,holdout_breast_cancer,D1LN,mouse_IgG2bk,True,0.048722801380537945,0.3153600633779357,1.598583459854126
proc,holdout_breast_cancer,D1LN,rat_IgG2a,True,-0.008814888292469703,0.06281841881667018,0.3989099860191345
proc,holdout_breast_cancer,D1TNSL,ACTA2,False,0.692360101319579,0.8158654542345882,1.148900032043457
proc,holdout_breast_cancer,D1TNSL,BCL2,False,0.5900262615321847,0.49443090826431807,0.4172714054584503
proc,holdout_breast_cancer,D1TNSL,CCR7,False,0.33858001271365845,0.32262667402467754,0.2987702190876007
proc,holdout_breast_cancer,D1TNSL,CD14,False,0.17644078138348132,0.2662065104516401,0.29528936743736267
proc,holdout_breast_cancer,D1TNSL,CD163,False,0.2369679545542296,0.21043214353927664,0.3043749928474426
proc,holdout_breast_cancer,D1TNSL,CD19,False,0.09239662999417572,0.13748079378893696,0.292437344789505
proc,holdout_breast_cancer,D1TNSL,CD27,False,0.2103266865071254,0.22513125125979858,0.299000084400177
proc,holdout_breast_cancer,D1TNSL,CD274,False,0.33512369574151624,0.3285285936247235,1.077217936515808
proc,holdout_breast_cancer,D1TNSL,CD3E,False,0.7657487440701679,0.8046276503353417,0.6548892855644226
proc,holdout_breast_cancer,D1TNSL,CD4,False,0.23921084369206844,0.30587015081797714,0.296676367521286
proc,holdout_breast_cancer,D1TNSL,CD40,False,-0.11738284184696991,0.04871355566657789,0.3048935830593109
proc,holdout_breast_cancer,D1TNSL,CD68,False,0.26460949637371184,0.18482277087973847,0.4628540277481079
proc,holdout_breast_cancer,D1TNSL,CD8A,False,0.7580901817879757,0.8108834431177,0.7064542770385742
proc,holdout_breast_cancer,D1TNSL,CEACAM8,False,0.4041401683172944,0.4431132138844244,1.5376195907592773
proc,holdout_breast_cancer,D1TNSL,CR2,False,0.27210793826670443,0.3257581880774796,0.28936871886253357
proc,holdout_breast_cancer,D1TNSL,CXCR5,False,0.5566835592280969,0.6752610031326336,0.6666170954704285
proc,holdout_breast_cancer,D1TNSL,EPCAM,False,-0.033878883661581885,-0.015068415801857136,0.348002552986145
proc,holdout_breast_cancer,D1TNSL,FCGR3A,False,0.03850396959462904,0.12142250984171586,2.5843493938446045
proc,holdout_breast_cancer,D1TNSL,HLA_DRA,False,0.653989177767128,0.6946390863017274,0.6368578672409058
proc,holdout_breast_cancer,D1TNSL,ITGAM,False,0.20463263907531848,0.14494544245215338,0.5018478631973267
proc,holdout_breast_cancer,D1TNSL,ITGAX,False,0.16061543641142528,0.19249353393311228,0.3884548842906952
proc,holdout_breast_cancer,D1TNSL,KRT5,False,0.6852098807561339,0.8175628666067131,2.1873109340667725
proc,holdout_breast_cancer,D1TNSL,MS4A1,False,0.24747562248446056,0.2918167365385955,0.44985833764076233
proc,holdout_breast_cancer,D1TNSL,PAX5,False,0.4581402751859101,0.6463068975418887,1.452308177947998
proc,holdout_breast_cancer,D1TNSL,PCNA,False,0.4361509265535568,0.3792229028701921,0.44918549060821533
proc,holdout_breast_cancer,D1TNSL,PDCD1,False,0.5192613571924228,0.5272528952949597,0.3585948646068573
proc,holdout_breast_cancer,D1TNSL,PECAM1,False,0.5112527712903002,0.5114212123072819,0.5311615467071533
proc,holdout_breast_cancer,D1TNSL,PTPRC_1,False,0.05868948669967782,0.016408762786401108,0.30735158920288086
proc,holdout_breast_cancer,D1TNSL,PTPRC_2,False,0.46897240280385627,0.5136625753621181,0.3966123163700104
proc,holdout_breast_cancer,D1TNSL,SDC1,False,0.07605367253765863,0.09802599649714926,0.7226737141609192
proc,holdout_breast_cancer,D1TNSL,VIM,False,0.6816654062641007,0.7367690810834373,0.529035210609436
proc,holdout_breast_cancer,D1TNSL,mouse_IgG1k,True,0.2257093438320958,0.26155501833712935,0.5031592845916748
proc,holdout_breast_cancer,D1TNSL,mouse_IgG2a,True,-0.012885274572977935,0.027907749658920403,0.6502378582954407
proc,holdout_breast_cancer,D1TNSL,mouse_IgG2bk,True,-0.029305376676462956,0.026916773930823673,2.323211908340454
proc,holdout_breast_cancer,D1TNSL,rat_IgG2a,True,0.1863274618320381,0.16539567083368945,0.35160359740257263
raw,holdout_tonsil,A1LN,ACTA2,False,-0.07956939892198811,-0.11356605606205651,0.9472047090530396
raw,holdout_tonsil,A1LN,BCL2,False,-0.07397577007146604,-0.17575972739663667,0.4133993983268738
raw,holdout_tonsil,A1LN,CCR7,False,0.0455715121445772,0.03561012628993032,0.37162232398986816
raw,holdout_tonsil,A1LN,CD14,False,0.20926103135678192,0.2517017430084358,0.35032927989959717
raw,holdout_tonsil,A1LN,CD163,False,0.4534993272390082,0.5069652594445204,0.4647635221481323
raw,holdout_tonsil,A1LN,CD19,False,0.2754285663059128,0.33622025161906194,0.4245547354221344
raw,holdout_tonsil,A1LN,CD27,False,0.04265051545227797,0.029673895870623936,0.3306097686290741
raw,holdout_tonsil,A1LN,CD274,False,-0.06703767525315314,-0.019670878800759507,1.2016589641571045
raw,holdout_tonsil,A1LN,CD3E,False,0.6236322959848919,0.6631827370060035,0.5856879949569702
raw,holdout_tonsil,A1LN,CD4,False,-0.06538451410985521,-0.16335875000184777,0.31244197487831116
raw,holdout_tonsil,A1LN,CD40,False,-0.030013290374605595,-0.0483402428211469,0.32575058937072754
raw,holdout_tonsil,A1LN,CD68,False,-0.09355802256064263,-0.09972594022457001,0.6922484040260315
raw,holdout_tonsil,A1LN,CD8A,False,0.3743684906345409,0.4435737863270068,0.5597680807113647
raw,holdout_tonsil,A1LN,CEACAM8,False,0.01909108081983797,-0.06083505719174945,1.7214621305465698
raw,holdout_tonsil,A1LN,CR2,False,-0.03257457098436724,-0.06640051390112192,0.3152431547641754
raw,holdout_tonsil,A1LN,CXCR5,False,0.26351298693694997,0.36924018831294037,0.7962615489959717
raw,holdout_tonsil,A1LN,EPCAM,False,0.005044122843507568,0.033514221449828165,0.4880926012992859
raw,holdout_tonsil,A1LN,FCGR3A,False,0.18506428059295316,0.34526702012383786,2.5281803607940674
raw,holdout_tonsil,A1LN,HLA_DRA,False,0.3897201929205714,0.3917319649767764,0.8589324951171875
raw,holdout_tonsil,A1LN,ITGAM,False,0.25195748302056353,0.24545605310168236,0.6453465819358826
raw,holdout_tonsil,A1LN,ITGAX,False,0.2203391922656333,0.2490010896199354,0.7090064287185669
raw,holdout_tonsil,A1LN,KRT5,False,-0.17245478969200317,-0.06365188804381701,2.491554021835327
raw,holdout_tonsil,A1LN,MS4A1,False,0.14759768758676112,0.12330631106924606,0.7290773391723633
raw,holdout_tonsil,A1LN,PAX5,False,0.15326277324010576,0.10746069228424025,1.3240177631378174
raw,holdout_tonsil,A1LN,PCNA,False,0.4044339880054334,0.5105448198433226,0.6217760443687439
raw,holdout_tonsil,A1LN,PDCD1,False,-0.11775330778721475,-0.182906967142756,0.4648968577384949
raw,holdout_tonsil,A1LN,PECAM1,False,0.4390145823167688,0.5247580217272072,0.4987795650959015
raw,holdout_tonsil,A1LN,PTPRC_1,False,0.1638258366018783,0.231675545439997,0.4473893344402313
raw,holdout_tonsil,A1LN,PTPRC_2,False,0.2906312564267063,0.3803252588899077,0.5496691465377808
raw,holdout_tonsil,A1LN,SDC1,False,-0.06807951387112575,0.11727158105566626,1.2163556814193726
raw,holdout_tonsil,A1LN,VIM,False,-0.3768836445049376,-0.31949324700294257,0.5705645680427551
raw,holdout_tonsil,A1LN,mouse_IgG1k,True,-0.16874727298026368,-0.08712893921029048,0.8905408978462219
raw,holdout_tonsil,A1LN,mouse_IgG2a,True,-0.10384723712079257,-0.01210233440502829,1.1811292171478271
raw,holdout_tonsil,A1LN,mouse_IgG2bk,True,-0.07702832222247176,0.01576112524156801,2.0679969787597656
raw,holdout_tonsil,A1LN,rat_IgG2a,True,0.07084808628677569,0.13292120633504953,0.5108078718185425
raw,holdout_tonsil,A1TNSL,ACTA2,False,0.5648884424328288,0.7072284001838799,0.9816176295280457
raw,holdout_tonsil,A1TNSL,BCL2,False,-0.378545339970709,-0.38810472678005165,0.41672930121421814
raw,holdout_tonsil,A1TNSL,CCR7,False,0.14639595586724818,0.16033763305694412,0.3251306712627411
raw,holdout_tonsil,A1TNSL,CD14,False,0.2587852564926684,0.2883392382218245,0.32268577814102173
raw,holdout_tonsil,A1TNSL,CD163,False,0.1388289523706712,0.1481614575985141,0.32056933641433716
raw,holdout_tonsil,A1TNSL,CD19,False,0.1712921138278552,0.24023297568417584,0.31155577301979065
raw,holdout_tonsil,A1TNSL,CD27,False,0.20101089420511767,0.23737130489162458,0.34487611055374146
raw,holdout_tonsil,A1TNSL,CD274,False,0.150244335343352,0.22273598828557933,0.9813857674598694
raw,holdout_tonsil,A1TNSL,CD3E,False,0.6383549959184656,0.659686725521136,0.6660586595535278
raw,holdout_tonsil,A1TNSL,CD4,False,0.12792064660380756,0.11261919656925165,0.3263619840145111
raw,holdout_tonsil,A1TNSL,CD40,False,0.18968957993099425,0.24132753102930007,0.3236820101737976
raw,holdout_tonsil,A1TNSL,CD68,False,0.047529145465138846,0.1344823158433441,0.5548874139785767
raw,holdout_tonsil,A1TNSL,CD8A,False,0.5126064316174277,0.5206204964469955,0.7114025354385376
raw,holdout_tonsil,A1TNSL,CEACAM8,False,-0.09080866074022553,-0.19609567088071542,1.4316502809524536
raw,holdout_tonsil,A1TNSL,CR2,False,0.08650147693986601,-0.002691185356387615,0.30960702896118164
raw,holdout_tonsil,A1TNSL,CXCR5,False,0.523903695117283,0.6715507725645352,0.7084229588508606
raw,holdout_tonsil,A1TNSL,EPCAM,False,0.3106079628320041,0.32906838146867323,0.36791327595710754
raw,holdout_tonsil,A1TNSL,FCGR3A,False,0.05437707745826333,0.12851175083404012,2.3800911903381348
raw,holdout_tonsil,A1TNSL,HLA_DRA,False,0.35653457594653504,0.41185262247924265,0.7376915812492371
raw,holdout_tonsil,A1TNSL,ITGAM,False,0.1844323775992238,0.22413239246257238,0.49889442324638367
raw,holdout_tonsil,A1TNSL,ITGAX,False,0.13486770074673135,0.1537949717097145,0.4601469039916992
raw,holdout_tonsil,A1TNSL,KRT5,False,0.5428651716880315,0.5810507904819754,1.8581171035766602
raw,holdout_tonsil,A1TNSL,MS4A1,False,0.21090336546618196,0.3100180000667934,0.613613486289978
raw,holdout_tonsil,A1TNSL,PAX5,False,0.5353193516583252,0.6973182715045145,1.2572652101516724
raw,holdout_tonsil,A1TNSL,PCNA,False,0.0879141875381107,0.086410856309415,0.5045199990272522
raw,holdout_tonsil,A1TNSL,PDCD1,False,0.27895270407885475,0.3074260250315626,0.37453770637512207
raw,holdout_tonsil,A1TNSL,PECAM1,False,0.5241649237442607,0.5624183298048734,0.5309495329856873
raw,holdout_tonsil,A1TNSL,PTPRC_1,False,0.06719205040355121,0.10752588997972075,0.31006091833114624
raw,holdout_tonsil,A1TNSL,PTPRC_2,False,0.23495345908109144,0.3179122656915897,0.5564631223678589
raw,holdout_tonsil,A1TNSL,SDC1,False,0.09053060066406557,0.18955992561876825,0.8716378808021545
raw,holdout_tonsil,A1TNSL,VIM,False,0.4344892782313256,0.5632029464984966,0.5282660722732544
raw,holdout_tonsil,A1TNSL,mouse_IgG1k,True,0.040963923736074236,0.03759290901921986,0.5338561534881592
raw,holdout_tonsil,A1TNSL,mouse_IgG2a,True,-0.012257406298002208,-0.06292081891399744,0.6250791549682617
raw,holdout_tonsil,A1TNSL,mouse_IgG2bk,True,-0.02882565174961197,0.011129311182839732,2.0004894733428955
raw,holdout_tonsil,A1TNSL,rat_IgG2a,True,0.07288826691129265,0.11084254821308422,0.37980926036834717
raw,holdout_tonsil,D1LN,ACTA2,False,-0.0871701433946691,-0.13970859294709775,0.7250224947929382
raw,holdout_tonsil,D1LN,BCL2,False,0.011270504660875858,0.010794081702270438,0.3144398331642151
raw,holdout_tonsil,D1LN,CCR7,False,0.06630584080471841,0.046171483024342236,0.3383185565471649
raw,holdout_tonsil,D1LN,CD14,False,0.057710734015909676,0.0374035273493969,0.262919157743454
raw,holdout_tonsil,D1LN,CD163,False,0.3905228092354498,0.4255001440133601,0.35364583134651184
raw,holdout_tonsil,D1LN,CD19,False,0.23551855199116878,0.27003758148045887,0.322081983089447
raw,holdout_tonsil,D1LN,CD27,False,0.13183320284834524,0.1437247422755181,0.3246697187423706
raw,holdout_tonsil,D1LN,CD274,False,-0.09297361960306598,-0.1169199662962632,0.7648149728775024
raw,holdout_tonsil,D1LN,CD3E,False,0.5985302159335354,0.5982175164004795,0.5474452972412109
raw,holdout_tonsil,D1LN,CD4,False,-0.027786296912065876,-0.0722787333135496,0.26296892762184143
raw,holdout_tonsil,D1LN,CD40,False,-0.08650506284010263,-0.06042143775599225,0.2707076966762543
raw,holdout_tonsil,D1LN,CD68,False,0.05696976125462864,0.06921375883845436,0.6308062076568604
raw,holdout_tonsil,D1LN,CD8A,False,0.3727323862018931,0.37975840177205406,0.4468434453010559
raw,holdout_tonsil,D1LN,CEACAM8,False,0.033017370722149615,0.017173593774109628,1.4823554754257202
raw,holdout_tonsil,D1LN,CR2,False,-0.09677908159443774,-0.09819191834454709,0.24920065701007843
raw,holdout_tonsil,D1LN,CXCR5,False,0.25974232406604925,0.35943704786972075,0.5516594052314758
raw,holdout_tonsil,D1LN,EPCAM,False,-0.05022395620736724,-0.06534970230636789,0.2833028733730316
raw,holdout_tonsil,D1LN,FCGR3A,False,0.29625581388460764,0.4649255125268483,2.381760597229004
raw,holdout_tonsil,D1LN,HLA_DRA,False,0.5281472670664416,0.4627519881355626,0.7523378133773804
raw,holdout_tonsil,D1LN,ITGAM,False,0.12068260474469078,0.07830272972545713,0.48048120737075806
raw,holdout_tonsil,D1LN,ITGAX,False,0.22036284245582763,0.26008448803174095,0.4036928117275238
raw,holdout_tonsil,D1LN,KRT5,False,-0.08542718777033025,-0.02578999219846887,2.1408839225769043
raw,holdout_tonsil,D1LN,MS4A1,False,0.1673655442458339,0.17905166603028452,0.43474096059799194
raw,holdout_tonsil,D1LN,PAX5,False,0.13781082412332923,0.1080193641251194,0.7491156458854675
raw,holdout_tonsil,D1LN,PCNA,False,0.3928836266259883,0.40801422033160534,0.49408024549484253
raw,holdout_tonsil,D1LN,PDCD1,False,-0.21986165834349236,-0.2574248592788274,0.31080517172813416
raw,holdout_tonsil,D1LN,PECAM1,False,0.3730154760832428,0.41994850472972645,0.34858715534210205
raw,holdout_tonsil,D1LN,PTPRC_1,False,0.23222533614900912,0.27051594301905213,0.3015083968639374
raw,holdout_tonsil,D1LN,PTPRC_2,False,0.3692849947038923,0.41392928559560144,0.40638190507888794
raw,holdout_tonsil,D1LN,SDC1,False,0.03475432706815115,0.13293866052684808,0.7057138681411743
raw,holdout_tonsil,D1LN,VIM,False,-0.16046069194476784,-0.14881158463637753,0.41678351163864136
raw,holdout_tonsil,D1LN,mouse_IgG1k,True,-0.07409657447670188,0.0017221004786036516,0.585074782371521
raw,holdout_tonsil,D1LN,mouse_IgG2a,True,-0.10195574769022255,-0.07796089312016428,0.7170398235321045
raw,holdout_tonsil,D1LN,mouse_IgG2bk,True,-0.04689427689999309,0.035601398074511244,1.598583459854126
raw,holdout_tonsil,D1LN,rat_IgG2a,True,0.04556373477217549,0.0981163100908688,0.3989099860191345
raw,holdout_tonsil,D1TNSL,ACTA2,False,0.5596172893798839,0.6968741709019564,1.148900032043457
raw,holdout_tonsil,D1TNSL,BCL2,False,-0.3072993552478217,-0.303363883728898,0.4172714054584503
raw,holdout_tonsil,D1TNSL,CCR7,False,0.2287920978819332,0.24236187545624502,0.2987702190876007
raw,holdout_tonsil,D1TNSL,CD14,False,0.3313260128613467,0.3481167300742984,0.29528936743736267
raw,holdout_tonsil,D1TNSL,CD163,False,0.23648158884768797,0.2621438727110282,0.3043749928474426
raw,holdout_tonsil,D1TNSL,CD19,False,0.17778590887036957,0.22014889236020657,0.292437344789505
raw,holdout_tonsil,D1TNSL,CD27,False,0.3008292570836456,0.31749238098378296,0.299000084400177
raw,holdout_tonsil,D1TNSL,CD274,False,0.16859120314349774,0.2839601719452162,1.077217936515808
raw,holdout_tonsil,D1TNSL,CD3E,False,0.6589999045476602,0.6675522614290411,0.6548892855644226
raw,holdout_tonsil,D1TNSL,CD4,False,0.21171676546029336,0.1880281739594069,0.296676367521286
raw,holdout_tonsil,D1TNSL,CD40,False,0.19476426434313573,0.2449606767391585,0.3048935830593109
raw,holdout_tonsil,D1TNSL,CD68,False,0.15067959212471913,0.20298452603880562,0.4628540277481079
raw,holdout_tonsil,D1TNSL,CD8A,False,0.5467494959530266,0.5621676065471035,0.7064542770385742
raw,holdout_tonsil,D1TNSL,CEACAM8,False,-0.1164133582002896,-0.24585782661230535,1.5376195907592773
raw,holdout_tonsil,D1TNSL,CR2,False,0.054244478916868975,-0.03637254614355939,0.28936871886253357
raw,holdout_tonsil,D1TNSL,CXCR5,False,0.512251914200204,0.6236439267028081,0.6666170954704285
raw,holdout_tonsil,D1TNSL,EPCAM,False,0.26159314411167817,0.30670228533125216,0.348002552986145
raw,holdout_tonsil,D1TNSL,FCGR3A,False,-0.00861026261419305,0.07275567410577795,2.5843493938446045
raw,holdout_tonsil,D1TNSL,HLA_DRA,False,0.36094239687393287,0.38221553005655584,0.6368578672409058
raw,holdout_tonsil,D1TNSL,ITGAM,False,0.16219942142040553,0.17058785580743932,0.5018478631973267
raw,holdout_tonsil,D1TNSL,ITGAX,False,0.14662582834503732,0.163332211787139,0.3884548842906952
raw,holdout_tonsil,D1TNSL,KRT5,False,0.5219265521513476,0.6072627708240592,2.1873109340667725
raw,holdout_tonsil,D1TNSL,MS4A1,False,0.2710387334545017,0.30061599599722233,0.44985833764076233
raw,holdout_tonsil,D1TNSL,PAX5,False,0.46042777681221236,0.6343297244424875,1.452308177947998
raw,holdout_tonsil,D1TNSL,PCNA,False,0.04693560175237831,0.0725955523515299,0.44918549060821533
raw,holdout_tonsil,D1TNSL,PDCD1,False,0.31392493220648493,0.3367377464727323,0.3585948646068573
raw,holdout_tonsil,D1TNSL,PECAM1,False,0.5288610712204265,0.586739751524302,0.5311615467071533
raw,holdout_tonsil,D1TNSL,PTPRC_1,False,0.07812108087129126,0.08378230593639363,0.30735158920288086
raw,holdout_tonsil,D1TNSL,PTPRC_2,False,0.3447889692465242,0.38395159479231306,0.3966123163700104
raw,holdout_tonsil,D1TNSL,SDC1,False,0.11789500581263282,0.18993748614271797,0.7226737141609192
raw,holdout_tonsil,D1TNSL,VIM,False,0.45771322655549823,0.5565313591214699,0.529035210609436
raw,holdout_tonsil,D1TNSL,mouse_IgG1k,True,-0.05618535292008508,-0.07859742639965094,0.5031592845916748
raw,holdout_tonsil,D1TNSL,mouse_IgG2a,True,-0.03704838169228885,-0.08424409478624956,0.6502378582954407
raw,holdout_tonsil,D1TNSL,mouse_IgG2bk,True,0.054623812947809325,0.050313763171972226,2.323211908340454
raw,holdout_tonsil,D1TNSL,rat_IgG2a,True,0.0608564621225825,0.06515762674917805,0.35160359740257263
raw,holdout_breast_cancer,A1LN,ACTA2,False,0.17915658409265875,0.1336747837417659,0.9472047090530396
raw,holdout_breast_cancer,A1LN,BCL2,False,0.1591322446331936,0.37132315386691134,0.4133993983268738
raw,holdout_breast_cancer,A1LN,CCR7,False,0.014482177994989619,0.24724714214774354,0.37162232398986816
raw,holdout_breast_cancer,A1LN,CD14,False,-0.272654847196349,-0.18642553603183934,0.35032927989959717
raw,holdout_breast_cancer,A1LN,CD163,False,-0.3548758680339707,-0.23312623504015148,0.4647635221481323
raw,holdout_breast_cancer,A1LN,CD19,False,-0.06173577887560899,0.10114246372047188,0.4245547354221344
raw,holdout_breast_cancer,A1LN,CD27,False,0.03159656520730101,0.18908581552386006,0.3306097686290741
raw,holdout_breast_cancer,A1LN,CD274,False,-0.016783439645153355,0.19356896196387074,1.2016589641571045
raw,holdout_breast_cancer,A1LN,CD3E,False,0.6197097642827544,0.6623463012376334,0.5856879949569702
raw,holdout_breast_cancer,A1LN,CD4,False,0.02390859248718603,0.2296590665298817,0.31244197487831116
raw,holdout_breast_cancer,A1LN,CD40,False,0.0196372747941704,0.04945696446685565,0.32575058937072754
raw,holdout_breast_cancer,A1LN,CD68,False,0.28067577523214504,0.3270654107202828,0.6922484040260315
raw,holdout_breast_cancer,A1LN,CD8A,False,0.3387278348478476,0.42558726286537973,0.5597680807113647
raw,holdout_breast_cancer,A1LN,CEACAM8,False,0.2686687613771888,0.2847240696004989,1.7214621305465698
raw,holdout_breast_cancer,A1LN,CR2,False,-0.02822874281182446,0.08758821382358133,0.3152431547641754
raw,holdout_breast_cancer,A1LN,CXCR5,False,0.004582853996091151,0.10418873273780649,0.7962615489959717
raw,holdout_breast_cancer,A1LN,EPCAM,False,0.032119154264624396,0.016654598192206327,0.4880926012992859
raw,holdout_breast_cancer,A1LN,FCGR3A,False,0.059910553834637705,0.23395446107678816,2.5281803607940674
raw,holdout_breast_cancer,A1LN,HLA_DRA,False,0.11508375854868282,0.010150364831646138,0.8589324951171875
raw,holdout_breast_cancer,A1LN,ITGAM,False,0.31057839270628845,0.321557134862308,0.6453465819358826
raw,holdout_breast_cancer,A1LN,ITGAX,False,0.19178150777307806,0.14989502614510192,0.7090064287185669
raw,holdout_breast_cancer,A1LN,KRT5,False,-0.11638686978830681,-0.019439512461811425,2.491554021835327
raw,holdout_breast_cancer,A1LN,MS4A1,False,0.14899217557197839,0.21386792858184311,0.7290773391723633
raw,holdout_breast_cancer,A1LN,PAX5,False,0.030254985672024923,0.2589199394227322,1.3240177631378174
raw,holdout_breast_cancer,A1LN,PCNA,False,0.07771583322075731,0.16658917543932208,0.6217760443687439
raw,holdout_breast_cancer,A1LN,PDCD1,False,0.13622319383975534,0.17961077699144204,0.4648968577384949
raw,holdout_breast_cancer,A1LN,PECAM1,False,0.04877852214708038,0.03715118524674722,0.4987795650959015
raw,holdout_breast_cancer,A1LN,PTPRC_1,False,0.15777542317332532,0.09449740632709311,0.4473893344402313
raw,holdout_breast_cancer,A1LN,PTPRC_2,False,0.2060254393116545,0.2981284889436725,0.5496691465377808
raw,holdout_breast_cancer,A1LN,SDC1,False,-0.12276466190679375,0.02275435321335938,1.2163556814193726
raw,holdout_breast_cancer,A1LN,VIM,False,-0.5250045069133874,-0.3922504674146575,0.5705645680427551
raw,holdout_breast_cancer,A1LN,mouse_IgG1k,True,-0.22624815643583585,-0.10479091500340597,0.8905408978462219
raw,holdout_breast_cancer,A1LN,mouse_IgG2a,True,-0.10366434586395154,-0.05224985950197826,1.1811292171478271
raw,holdout_breast_cancer,A1LN,mouse_IgG2bk,True,-0.10562280388233673,-0.06078483150179925,2.0679969787597656
raw,holdout_breast_cancer,A1LN,rat_IgG2a,True,0.06232718264044037,-0.025966822551112517,0.5108078718185425
raw,holdout_breast_cancer,A1TNSL,ACTA2,False,0.6584713713500101,0.7891745222721185,0.9816176295280457
raw,holdout_breast_cancer,A1TNSL,BCL2,False,0.49020147270598485,0.4972960094011172,0.41672930121421814
raw,holdout_breast_cancer,A1TNSL,CCR7,False,0.11576713652378812,0.25071935903810233,0.3251306712627411
raw,holdout_breast_cancer,A1TNSL,CD14,False,-0.17760519485799114,0.03038834102145871,0.32268577814102173
raw,holdout_breast_cancer,A1TNSL,CD163,False,-0.2046931348732211,-0.07747467520151594,0.32056933641433716
raw,holdout_breast_cancer,A1TNSL,CD19,False,-0.017485431631523246,0.10989022991186825,0.31155577301979065
raw,holdout_breast_cancer,A1TNSL,CD27,False,-0.07807225792575868,0.05298503533695391,0.34487611055374146
raw,holdout_breast_cancer,A1TNSL,CD274,False,0.2801067541344325,0.24497514895267364,0.9813857674598694
raw,holdout_breast_cancer,A1TNSL,CD3E,False,0.7290672155506595,0.7967533344860744,0.6660586595535278
raw,holdout_breast_cancer,A1TNSL,CD4,False,-0.1442212670779838,0.2076396973822709,0.3263619840145111
raw,holdout_breast_cancer,A1TNSL,CD40,False,-0.28894129095220633,0.02005372016735191,0.3236820101737976
raw,holdout_breast_cancer,A1TNSL,CD68,False,0.21681665459217217,0.18194955011281802,0.5548874139785767
raw,holdout_breast_cancer,A1TNSL,CD8A,False,0.7251169607123317,0.8026520862550965,0.7114025354385376
raw,holdout_breast_cancer,A1TNSL,CEACAM8,False,0.32112550336713397,0.4085526922703976,1.4316502809524536
raw,holdout_breast_cancer,A1TNSL,CR2,False,-0.15599598380780566,0.19296495535982855,0.30960702896118164
raw,holdout_breast_cancer,A1TNSL,CXCR5,False,0.49741680309644454,0.7101669747703173,0.7084229588508606
raw,holdout_breast_cancer,A1TNSL,EPCAM,False,-0.1143132456144805,-0.0947518394707792,0.36791327595710754
raw,holdout_breast_cancer,A1TNSL,FCGR3A,False,0.007316435281202117,0.1275468657982201,2.3800911903381348
raw,holdout_breast_cancer,A1TNSL,HLA_DRA,False,0.5781388579437959,0.6269271063571703,0.7376915812492371
raw,holdout_breast_cancer,A1TNSL,ITGAM,False,0.16218585630673474,0.16109914770771214,0.49889442324638367
raw,holdout_breast_cancer,A1TNSL,ITGAX,False,0.1547490564547614,0.18694677179990066,0.4601469039916992
raw,holdout_breast_cancer,A1TNSL,KRT5,False,0.652751156005062,0.730700173311067,1.8581171035766602
raw,holdout_breast_cancer,A1TNSL,MS4A1,False,0.19960253415375087,0.2822756161496754,0.613613486289978
raw,holdout_breast_cancer,A1TNSL,PAX5,False,0.41066691055994564,0.6188185159649154,1.2572652101516724
raw,holdout_breast_cancer,A1TNSL,PCNA,False,0.38076784203064995,0.4005755418784706,0.5045199990272522
raw,holdout_breast_cancer,A1TNSL,PDCD1,False,0.4722874401405502,0.5015510488140507,0.37453770637512207
raw,holdout_breast_cancer,A1TNSL,PECAM1,False,0.44024209060332425,0.4469010899863438,0.5309495329856873
raw,holdout_breast_cancer,A1TNSL,PTPRC_1,False,-0.055057232911525734,0.04098578364493882,0.31006091833114624
raw,holdout_breast_cancer,A1TNSL,PTPRC_2,False,0.2926919565639085,0.4396192125779367,0.5564631223678589
raw,holdout_breast_cancer,A1TNSL,SDC1,False,0.02098228235891945,0.10266706562454625,0.8716378808021545
raw,holdout_breast_cancer,A1TNSL,VIM,False,0.3856180251955728,0.5788678275749495,0.5282660722732544
raw,holdout_breast_cancer,A1TNSL,mouse_IgG1k,True,0.1862868594963081,0.16401406668679988,0.5338561534881592
raw,holdout_breast_cancer,A1TNSL,mouse_IgG2a,True,0.04080518594865009,0.04201003406032007,0.6250791549682617
raw,holdout_breast_cancer,A1TNSL,mouse_IgG2bk,True,-0.10555680533266948,0.0057785425242844485,2.0004894733428955
raw,holdout_breast_cancer,A1TNSL,rat_IgG2a,True,0.2247761033185525,0.1280747510166273,0.37980926036834717
raw,holdout_breast_cancer,D1LN,ACTA2,False,0.07302161470826611,0.03796013283788823,0.7250224947929382
raw,holdout_breast_cancer,D1LN,BCL2,False,0.2836941040034874,0.3611991061186029,0.3144398331642151
raw,holdout_breast_cancer,D1LN,CCR7,False,0.26190099613482565,0.37810178981562026,0.3383185565471649
raw,holdout_breast_cancer,D1LN,CD14,False,-0.04185748224025431,-0.04635305697622537,0.262919157743454
raw,holdout_breast_cancer,D1LN,CD163,False,-0.20806893239412744,-0.17609016608296346,0.35364583134651184
raw,holdout_breast_cancer,D1LN,CD19,False,-0.026141699387642915,0.07200638170024391,0.322081983089447
raw,holdout_breast_cancer,D1LN,CD27,False,0.11487258508626917,0.15991986555129464,0.3246697187423706
raw,holdout_breast_cancer,D1LN,CD274,False,0.09941101282745239,0.1794573936562565,0.7648149728775024
raw,holdout_breast_cancer,D1LN,CD3E,False,0.5710237722807651,0.5786515233941778,0.5474452972412109
raw,holdout_breast_cancer,D1LN,CD4,False,0.2901749969715639,0.4268759184584798,0.26296892762184143
raw,holdout_breast_cancer,D1LN,CD40,False,0.06401840010818412,-0.012755894304055881,0.2707076966762543
raw,holdout_breast_cancer,D1LN,CD68,False,0.1311521233314615,0.14731238735569174,0.6308062076568604
raw,holdout_breast_cancer,D1LN,CD8A,False,0.3727355241904033,0.4065661832035299,0.4468434453010559
raw,holdout_breast_cancer,D1LN,CEACAM8,False,0.08732512083939278,0.1207622487338994,1.4823554754257202
raw,holdout_breast_cancer,D1LN,CR2,False,0.10170351323856203,0.11783748866615947,0.24920065701007843
raw,holdout_breast_cancer,D1LN,CXCR5,False,0.0518528216863169,0.11039961524920076,0.5516594052314758
raw,holdout_breast_cancer,D1LN,EPCAM,False,0.0025173174255320838,-0.0018267848024561707,0.2833028733730316
raw,holdout_breast_cancer,D1LN,FCGR3A,False,0.20419063806147122,0.35075762114301073,2.381760597229004
raw,holdout_breast_cancer,D1LN,HLA_DRA,False,0.1540866932326615,0.1246837827621333,0.7523378133773804
raw,holdout_breast_cancer,D1LN,ITGAM,False,0.1992730006164369,0.1401792844717001,0.48048120737075806
raw,holdout_breast_cancer,D1LN,ITGAX,False,0.09764002771756061,0.12387089552488166,0.4036928117275238
raw,holdout_breast_cancer,D1LN,KRT5,False,-0.145222300394805,-0.09417414780163204,2.1408839225769043
raw,holdout_breast_cancer,D1LN,MS4A1,False,0.14798136646142143,0.17705636644920322,0.43474096059799194
raw,holdout_breast_cancer,D1LN,PAX5,False,0.2290710378043544,0.28987048421868467,0.7491156458854675
raw,holdout_breast_cancer,D1LN,PCNA,False,0.10368016967800404,0.17679659624717214,0.49408024549484253
raw,holdout_breast_cancer,D1LN,PDCD1,False,0.17847235979040021,0.1865747668330894,0.31080517172813416
raw,holdout_breast_cancer,D1LN,PECAM1,False,0.2359146466591351,0.24660443641541965,0.34858715534210205
raw,holdout_breast_cancer,D1LN,PTPRC_1,False,0.11991481195600408,0.07251149101287692,0.3015083968639374
raw,holdout_breast_cancer,D1LN,PTPRC_2,False,0.3237433205260303,0.38739828397693854,0.40638190507888794
raw,holdout_breast_cancer,D1LN,SDC1,False,-0.037499373858545036,0.057267324865183475,0.7057138681411743
raw,holdout_breast_cancer,D1LN,VIM,False,-0.2533982173679456,-0.20323560584072936,0.41678351163864136
raw,holdout_breast_cancer,D1LN,mouse_IgG1k,True,-0.10137474248445959,-0.05974304567514204,0.585074782371521
raw,holdout_breast_cancer,D1LN,mouse_IgG2a,True,-0.10021533339955026,-0.11156088319328833,0.7170398235321045
raw,holdout_breast_cancer,D1LN,mouse_IgG2bk,True,-0.024312695380649518,-0.05798311724719411,1.598583459854126
raw,holdout_breast_cancer,D1LN,rat_IgG2a,True,-0.02569767678120292,-0.06575384296625732,0.3989099860191345
raw,holdout_breast_cancer,D1TNSL,ACTA2,False,0.6746399073522498,0.8009441121303754,1.148900032043457
raw,holdout_breast_cancer,D1TNSL,BCL2,False,0.466832915118506,0.4530705242857866,0.4172714054584503
raw,holdout_breast_cancer,D1TNSL,CCR7,False,0.2733215977088778,0.30441162468873506,0.2987702190876007
raw,holdout_breast_cancer,D1TNSL,CD14,False,-0.1171491702978226,0.004643039481320553,0.29528936743736267
raw,holdout_breast_cancer,D1TNSL,CD163,False,0.021974227339061837,0.08689438488811042,0.3043749928474426
raw,holdout_breast_cancer,D1TNSL,CD19,False,0.05871378051615699,0.10982718611702108,0.292437344789505
raw,holdout_breast_cancer,D1TNSL,CD27,False,0.05858766827136639,0.12361209060509491,0.299000084400177
raw,holdout_breast_cancer,D1TNSL,CD274,False,0.30537854626892535,0.3261872883068845,1.077217936515808
raw,holdout_breast_cancer,D1TNSL,CD3E,False,0.7560216874396055,0.7903746706237227,0.6548892855644226
raw,holdout_breast_cancer,D1TNSL,CD4,False,-0.009269061712458435,0.17128754583345446,0.296676367521286
raw,holdout_breast_cancer,D1TNSL,CD40,False,-0.25641734331201393,-0.05957766554507702,0.3048935830593109
raw,holdout_breast_cancer,D1TNSL,CD68,False,0.20525493535582906,0.17343418332146393,0.4628540277481079
raw,holdout_breast_cancer,D1TNSL,CD8A,False,0.7391485687316987,0.7942327336161584,0.7064542770385742
raw,holdout_breast_cancer,D1TNSL,CEACAM8,False,0.3573517231695924,0.43617298770808804,1.5376195907592773
raw,holdout_breast_cancer,D1TNSL,CR2,False,-0.024773955281877216,0.20593624252587367,0.28936871886253357
raw,holdout_breast_cancer,D1TNSL,CXCR5,False,0.538532449043277,0.6645285683470789,0.6666170954704285
raw,holdout_breast_cancer,D1TNSL,EPCAM,False,-0.026704331279953853,-0.00901399053387123,0.348002552986145
raw,holdout_breast_cancer,D1TNSL,FCGR3A,False,0.006521929676682356,0.10853440327241917,2.5843493938446045
raw,holdout_breast_cancer,D1TNSL,HLA_DRA,False,0.5909752410704804,0.6260849448979726,0.6368578672409058
raw,holdout_breast_cancer,D1TNSL,ITGAM,False,0.14829955498676198,0.1206938559455496,0.5018478631973267
raw,holdout_breast_cancer,D1TNSL,ITGAX,False,0.1459990882998333,0.15844070357595647,0.3884548842906952
raw,holdout_breast_cancer,D1TNSL,KRT5,False,0.6477248247045844,0.769093686519989,2.1873109340667725
raw,holdout_breast_cancer,D1TNSL,MS4A1,False,0.2593060350216746,0.28951730451191454,0.44985833764076233
raw,holdout_breast_cancer,D1TNSL,PAX5,False,0.4010010664674464,0.6054704639252726,1.452308177947998
raw,holdout_breast_cancer,D1TNSL,PCNA,False,0.3465821492566581,0.32890088834883485,0.44918549060821533
raw,holdout_breast_cancer,D1TNSL,PDCD1,False,0.497317497334055,0.5208373766133235,0.3585948646068573
raw,holdout_breast_cancer,D1TNSL,PECAM1,False,0.4729246286673065,0.47335585695554516,0.5311615467071533
raw,holdout_breast_cancer,D1TNSL,PTPRC_1,False,0.10235303177857777,0.06655801680275843,0.30735158920288086
raw,holdout_breast_cancer,D1TNSL,PTPRC_2,False,0.4578698621781136,0.5096092735572827,0.3966123163700104
raw,holdout_breast_cancer,D1TNSL,SDC1,False,0.05689379152321478,0.05282926878232151,0.7226737141609192
raw,holdout_breast_cancer,D1TNSL,VIM,False,0.502427979304334,0.592378081733099,0.529035210609436
raw,holdout_breast_cancer,D1TNSL,mouse_IgG1k,True,0.20619482648402362,0.22082716024463953,0.5031592845916748
raw,holdout_breast_cancer,D1TNSL,mouse_IgG2a,True,-0.007041637446639556,0.019452419318018596,0.6502378582954407
raw,holdout_breast_cancer,D1TNSL,mouse_IgG2bk,True,-0.04143990789032728,0.01575082321463711,2.323211908340454
raw,holdout_breast_cancer,D1TNSL,rat_IgG2a,True,0.2011840336719849,0.13694618711715395,0.35160359740257263
