model,seed,sample,protein,spearman
mlp_64,0,A1LN,ACTA2,0.30686422791010864
mlp_64,0,A1LN,BCL2,0.3312724670667348
mlp_64,0,A1LN,CCR7,0.34618390156812345
mlp_64,0,A1LN,CD14,0.3515428901935338
mlp_64,0,A1LN,CD163,0.4453401236953735
mlp_64,0,A1LN,CD19,0.5290258905143164
mlp_64,0,A1LN,CD27,0.162535681821823
mlp_64,0,A1LN,CD274,-0.14382372348735745
mlp_64,0,A1LN,CD3E,0.782197585147673
mlp_64,0,A1LN,CD4,0.14393355786561607
mlp_64,0,A1LN,CD40,-0.025727814761770905
mlp_64,0,A1LN,CD68,-0.008693538075494608
mlp_64,0,A1LN,CD8A,0.5374353976956179
mlp_64,0,A1LN,CEACAM8,0.33572122607984184
mlp_64,0,A1LN,CR2,-0.030093397273722813
mlp_64,0,A1LN,CXCR5,0.40328860337080447
mlp_64,0,A1LN,EPCAM,-0.02693625872586423
mlp_64,0,A1LN,FCGR3A,0.22260529305721666
mlp_64,0,A1LN,HLA_DRA,0.39777704175385536
mlp_64,0,A1LN,ITGAM,0.3884513095523449
mlp_64,0,A1LN,ITGAX,0.28020285009396717
mlp_64,0,A1LN,KRT5,-0.048836832831046076
mlp_64,0,A1LN,MS4A1,0.26379998902601576
mlp_64,0,A1LN,PAX5,0.4604267750397009
mlp_64,0,A1LN,PCNA,0.22496732227125735
mlp_64,0,A1LN,PDCD1,-0.17516639253536784
mlp_64,0,A1LN,PECAM1,0.37328842889948627
mlp_64,0,A1LN,PTPRC_1,0.24306356792517833
mlp_64,0,A1LN,PTPRC_2,0.4204939592315864
mlp_64,0,A1LN,SDC1,0.08211702604953404
mlp_64,0,A1LN,VIM,-0.3176840989838468
mlp_64,0,A1TNSL,ACTA2,0.8095212979963655
mlp_64,0,A1TNSL,BCL2,0.6246482750951681
mlp_64,0,A1TNSL,CCR7,0.3795643884183879
mlp_64,0,A1TNSL,CD14,0.26970136424112495
mlp_64,0,A1TNSL,CD163,0.27471137299585335
mlp_64,0,A1TNSL,CD19,0.2946733802944822
mlp_64,0,A1TNSL,CD27,0.35139458279908986
mlp_64,0,A1TNSL,CD274,0.49274925066331554
mlp_64,0,A1TNSL,CD3E,0.8672871423490995
mlp_64,0,A1TNSL,CD4,0.19463328389103948
mlp_64,0,A1TNSL,CD40,0.28767584457156403
mlp_64,0,A1TNSL,CD68,0.5119681731178702
mlp_64,0,A1TNSL,CD8A,0.8070226767545087
mlp_64,0,A1TNSL,CEACAM8,0.42998482247445863
mlp_64,0,A1TNSL,CR2,0.3217676967029147
mlp_64,0,A1TNSL,CXCR5,0.7206963953293477
mlp_64,0,A1TNSL,EPCAM,0.31523926624215953
mlp_64,0,A1TNSL,FCGR3A,0.15057077565339708
mlp_64,0,A1TNSL,HLA_DRA,0.5872835065086603
mlp_64,0,A1TNSL,ITGAM,0.23149485666766265
mlp_64,0,A1TNSL,ITGAX,0.39820884660545197
mlp_64,0,A1TNSL,KRT5,0.7993229813106185
mlp_64,0,A1TNSL,MS4A1,0.4488180353740239
mlp_64,0,A1TNSL,PAX5,0.8039977662558802
mlp_64,0,A1TNSL,PCNA,0.4616821726751986
mlp_64,0,A1TNSL,PDCD1,0.3543831569777875
mlp_64,0,A1TNSL,PECAM1,0.7406432545009212
mlp_64,0,A1TNSL,PTPRC_1,0.1670546829302287
mlp_64,0,A1TNSL,PTPRC_2,0.4281540429487307
mlp_64,0,A1TNSL,SDC1,0.19207035947969386
mlp_64,0,A1TNSL,VIM,0.6724118158841503
mlp_64,0,D1LN,ACTA2,0.24126741160482482
mlp_64,0,D1LN,BCL2,0.26522287153598617
mlp_64,0,D1LN,CCR7,0.350461827289482
mlp_64,0,D1LN,CD14,0.16814434562186648
mlp_64,0,D1LN,CD163,0.4271616687588475
mlp_64,0,D1LN,CD19,0.4338315010170182
mlp_64,0,D1LN,CD27,0.09263969370649063
mlp_64,0,D1LN,CD274,-0.08221237164249827
mlp_64,0,D1LN,CD3E,0.6901910826618332
mlp_64,0,D1LN,CD4,-0.030145171074410546
mlp_64,0,D1LN,CD40,-0.04973752045999447
mlp_64,0,D1LN,CD68,0.11698852112378713
mlp_64,0,D1LN,CD8A,0.5226637437048681
mlp_64,0,D1LN,CEACAM8,0.2375704217985226
mlp_64,0,D1LN,CR2,-0.08960650799040619
mlp_64,0,D1LN,CXCR5,0.3367171458973703
mlp_64,0,D1LN,EPCAM,-0.14701947103775512
mlp_64,0,D1LN,FCGR3A,0.09639204725813454
mlp_64,0,D1LN,HLA_DRA,0.3431191986540376
mlp_64,0,D1LN,ITGAM,0.2227672550394901
mlp_64,0,D1LN,ITGAX,0.2503948858740908
mlp_64,0,D1LN,KRT5,-0.05323278387203559
mlp_64,0,D1LN,MS4A1,0.21700538470874983
mlp_64,0,D1LN,PAX5,0.34539832862408343
mlp_64,0,D1LN,PCNA,0.2871960107842585
mlp_64,0,D1LN,PDCD1,-0.2777845477731202
mlp_64,0,D1LN,PECAM1,0.34216248174791314
mlp_64,0,D1LN,PTPRC_1,0.21726009292785228
mlp_64,0,D1LN,PTPRC_2,0.4095204568551335
mlp_64,0,D1LN,SDC1,0.12015329454808601
mlp_64,0,D1LN,VIM,-0.20844407383357139
mlp_64,0,D1TNSL,ACTA2,0.8171721229064449
mlp_64,0,D1TNSL,BCL2,0.583949700331815
mlp_64,0,D1TNSL,CCR7,0.36230248269443194
mlp_64,0,D1TNSL,CD14,0.2924414354975476
mlp_64,0,D1TNSL,CD163,0.35809805973793923
mlp_64,0,D1TNSL,CD19,0.28714628248023505
mlp_64,0,D1TNSL,CD27,0.37937535089771285
mlp_64,0,D1TNSL,CD274,0.4806045969156629
mlp_64,0,D1TNSL,CD3E,0.8520686405085646
mlp_64,0,D1TNSL,CD4,0.2502371730283825
mlp_64,0,D1TNSL,CD40,0.2458164418960614
mlp_64,0,D1TNSL,CD68,0.48213378850224864
mlp_64,0,D1TNSL,CD8A,0.804903773040376
mlp_64,0,D1TNSL,CEACAM8,0.4496582997208561
mlp_64,0,D1TNSL,CR2,0.2645712668862494
mlp_64,0,D1TNSL,CXCR5,0.7151399758448478
mlp_64,0,D1TNSL,EPCAM,0.27033149881896207
mlp_64,0,D1TNSL,FCGR3A,0.1167931589742079
mlp_64,0,D1TNSL,HLA_DRA,0.5372306886377138
mlp_64,0,D1TNSL,ITGAM,0.20476776989637518
mlp_64,0,D1TNSL,ITGAX,0.34223772708051364
mlp_64,0,D1TNSL,KRT5,0.8217776136319574
mlp_64,0,D1TNSL,MS4A1,0.46754098527648535
mlp_64,0,D1TNSL,PAX5,0.7810074562467214
mlp_64,0,D1TNSL,PCNA,0.44472701249462965
mlp_64,0,D1TNSL,PDCD1,0.3490758835890716
mlp_64,0,D1TNSL,PECAM1,0.7485754080504172
mlp_64,0,D1TNSL,PTPRC_1,0.14610481281859203
mlp_64,0,D1TNSL,PTPRC_2,0.49751591439004217
mlp_64,0,D1TNSL,SDC1,0.14924707911975835
mlp_64,0,D1TNSL,VIM,0.6691925109168835
mlp_64,1,A1LN,ACTA2,0.36290536499047327
mlp_64,1,A1LN,BCL2,0.39472909087316144
mlp_64,1,A1LN,CCR7,0.35605174005747486
mlp_64,1,A1LN,CD14,0.3378624186773653
mlp_64,1,A1LN,CD163,0.40706371963371574
mlp_64,1,A1LN,CD19,0.5410764940177272
mlp_64,1,A1LN,CD27,0.20217137252456685
mlp_64,1,A1LN,CD274,-0.17888149021728142
mlp_64,1,A1LN,CD3E,0.7959417036852895
mlp_64,1,A1LN,CD4,0.12846727333618163
mlp_64,1,A1LN,CD40,0.030068252584265764
mlp_64,1,A1LN,CD68,0.11172903961432515
mlp_64,1,A1LN,CD8A,0.5423380469096658
mlp_64,1,A1LN,CEACAM8,0.3629809104830058
mlp_64,1,A1LN,CR2,-0.059477668168817374
mlp_64,1,A1LN,CXCR5,0.43388292073722395
mlp_64,1,A1LN,EPCAM,-0.01613589999028345
mlp_64,1,A1LN,FCGR3A,0.379695139458139
mlp_64,1,A1LN,HLA_DRA,0.4293009969441957
mlp_64,1,A1LN,ITGAM,0.38141490479055135
mlp_64,1,A1LN,ITGAX,0.2856594670511495
mlp_64,1,A1LN,KRT5,-0.04340627001268383
mlp_64,1,A1LN,MS4A1,0.31359697096979244
mlp_64,1,A1LN,PAX5,0.47847059995800006
mlp_64,1,A1LN,PCNA,-0.03933895820198597
mlp_64,1,A1LN,PDCD1,-0.18093291393582303
mlp_64,1,A1LN,PECAM1,0.3257719919505351
mlp_64,1,A1LN,PTPRC_1,0.2546235298064554
mlp_64,1,A1LN,PTPRC_2,0.4615959066404961
mlp_64,1,A1LN,SDC1,0.11415716042998962
mlp_64,1,A1LN,VIM,-0.21792800688316186
mlp_64,1,A1TNSL,ACTA2,0.8132804737516309
mlp_64,1,A1TNSL,BCL2,0.5339881045644714
mlp_64,1,A1TNSL,CCR7,0.39028046066616157
mlp_64,1,A1TNSL,CD14,0.31394481840565386
mlp_64,1,A1TNSL,CD163,0.2871160118127042
mlp_64,1,A1TNSL,CD19,0.433301267707017
mlp_64,1,A1TNSL,CD27,0.363154373942923
mlp_64,1,A1TNSL,CD274,0.5356158762999433
mlp_64,1,A1TNSL,CD3E,0.8606123293225068
mlp_64,1,A1TNSL,CD4,0.35734813270369287
mlp_64,1,A1TNSL,CD40,0.35409686221530445
mlp_64,1,A1TNSL,CD68,0.5043412326738473
mlp_64,1,A1TNSL,CD8A,0.7725782603933254
mlp_64,1,A1TNSL,CEACAM8,0.44586574469548135
mlp_64,1,A1TNSL,CR2,0.5069452759365283
mlp_64,1,A1TNSL,CXCR5,0.7387272910145583
mlp_64,1,A1TNSL,EPCAM,0.363952558826062
mlp_64,1,A1TNSL,FCGR3A,0.15492564776722095
mlp_64,1,A1TNSL,HLA_DRA,0.7030041859457064
mlp_64,1,A1TNSL,ITGAM,0.2485439169597025
mlp_64,1,A1TNSL,ITGAX,0.3854253138104358
mlp_64,1,A1TNSL,KRT5,0.8088887467503748
mlp_64,1,A1TNSL,MS4A1,0.4286491809432817
mlp_64,1,A1TNSL,PAX5,0.8001178902593183
mlp_64,1,A1TNSL,PCNA,0.5493154418462032
mlp_64,1,A1TNSL,PDCD1,0.5024648763420518
mlp_64,1,A1TNSL,PECAM1,0.7072191395352676
mlp_64,1,A1TNSL,PTPRC_1,0.1811436457566424
mlp_64,1,A1TNSL,PTPRC_2,0.414740865923348
mlp_64,1,A1TNSL,SDC1,0.21069818537417745
mlp_64,1,A1TNSL,VIM,0.6649822151772411
mlp_64,1,D1LN,ACTA2,0.2787192020214605
mlp_64,1,D1LN,BCL2,0.4011352289754239
mlp_64,1,D1LN,CCR7,0.40790795514158823
mlp_64,1,D1LN,CD14,0.16306187044977533
mlp_64,1,D1LN,CD163,0.3782050612515345
mlp_64,1,D1LN,CD19,0.4446132686267411
mlp_64,1,D1LN,CD27,0.18231186425327378
mlp_64,1,D1LN,CD274,-0.10087653973348497
mlp_64,1,D1LN,CD3E,0.7357466041575508
mlp_64,1,D1LN,CD4,0.11240261671320523
mlp_64,1,D1LN,CD40,0.0025119182253594717
mlp_64,1,D1LN,CD68,0.2075876876258797
mlp_64,1,D1LN,CD8A,0.5228461039723533
mlp_64,1,D1LN,CEACAM8,0.22036127828026164
mlp_64,1,D1LN,CR2,-0.08039244321685146
mlp_64,1,D1LN,CXCR5,0.39643120526529546
mlp_64,1,D1LN,EPCAM,-0.13792165308870571
mlp_64,1,D1LN,FCGR3A,0.3995684782143148
mlp_64,1,D1LN,HLA_DRA,0.40379654664711656
mlp_64,1,D1LN,ITGAM,0.24475243955299725
mlp_64,1,D1LN,ITGAX,0.24724934928675948
mlp_64,1,D1LN,KRT5,-0.0682482492838312
mlp_64,1,D1LN,MS4A1,0.24843246292829793
mlp_64,1,D1LN,PAX5,0.4008949918221632
mlp_64,1,D1LN,PCNA,-0.0017117343707425809
mlp_64,1,D1LN,PDCD1,-0.20865770836720826
mlp_64,1,D1LN,PECAM1,0.38355154194157176
mlp_64,1,D1LN,PTPRC_1,0.19127633961483545
mlp_64,1,D1LN,PTPRC_2,0.4993405574968142
mlp_64,1,D1LN,SDC1,0.07542386936065702
mlp_64,1,D1LN,VIM,-0.20015594077399215
mlp_64,1,D1TNSL,ACTA2,0.8176686494133157
mlp_64,1,D1TNSL,BCL2,0.5104235863386698
mlp_64,1,D1TNSL,CCR7,0.3964614360161575
mlp_64,1,D1TNSL,CD14,0.3366581754560966
mlp_64,1,D1TNSL,CD163,0.3611902815291455
mlp_64,1,D1TNSL,CD19,0.42045846107805296
mlp_64,1,D1TNSL,CD27,0.3965592506118585
mlp_64,1,D1TNSL,CD274,0.5331487627192715
mlp_64,1,D1TNSL,CD3E,0.8444274720819298
mlp_64,1,D1TNSL,CD4,0.41751363478953696
mlp_64,1,D1TNSL,CD40,0.3381303463377634
mlp_64,1,D1TNSL,CD68,0.46735848066000496
mlp_64,1,D1TNSL,CD8A,0.7664071969308482
mlp_64,1,D1TNSL,CEACAM8,0.45641779828177476
mlp_64,1,D1TNSL,CR2,0.49128877037004914
mlp_64,1,D1TNSL,CXCR5,0.7156989065167462
mlp_64,1,D1TNSL,EPCAM,0.35262804422555316
mlp_64,1,D1TNSL,FCGR3A,0.1191560635134482
mlp_64,1,D1TNSL,HLA_DRA,0.6698668977709454
mlp_64,1,D1TNSL,ITGAM,0.2077782066548547
mlp_64,1,D1TNSL,ITGAX,0.3346747951670516
mlp_64,1,D1TNSL,KRT5,0.820360770848987
mlp_64,1,D1TNSL,MS4A1,0.4489953298354459
mlp_64,1,D1TNSL,PAX5,0.7872958248495426
mlp_64,1,D1TNSL,PCNA,0.5146616688135592
mlp_64,1,D1TNSL,PDCD1,0.4503306083932313
mlp_64,1,D1TNSL,PECAM1,0.7245954372401266
mlp_64,1,D1TNSL,PTPRC_1,0.1426070462920854
mlp_64,1,D1TNSL,PTPRC_2,0.49868760841091353
mlp_64,1,D1TNSL,SDC1,0.1974666798556704
mlp_64,1,D1TNSL,VIM,0.6462190805314837
mlp_64,2,A1LN,ACTA2,0.4083558431646827
mlp_64,2,A1LN,BCL2,0.40392948761092207
mlp_64,2,A1LN,CCR7,0.31041298577811965
mlp_64,2,A1LN,CD14,0.337499121281888
mlp_64,2,A1LN,CD163,0.4226724600040175
mlp_64,2,A1LN,CD19,0.5093014439636665
mlp_64,2,A1LN,CD27,0.1819985329710465
mlp_64,2,A1LN,CD274,-0.20323117654696995
mlp_64,2,A1LN,CD3E,0.7869717006101989
mlp_64,2,A1LN,CD4,0.0923724284934551
mlp_64,2,A1LN,CD40,-0.0074448790855605376
mlp_64,2,A1LN,CD68,-0.045256706252575045
mlp_64,2,A1LN,CD8A,0.5358045217107403
mlp_64,2,A1LN,CEACAM8,0.320674150450626
mlp_64,2,A1LN,CR2,-0.06916204850456989
mlp_64,2,A1LN,CXCR5,0.42535738865608125
mlp_64,2,A1LN,EPCAM,-0.023720287271427578
mlp_64,2,A1LN,FCGR3A,0.3225115364475491
mlp_64,2,A1LN,HLA_DRA,0.41870353391305554
mlp_64,2,A1LN,ITGAM,0.3606379836749571
mlp_64,2,A1LN,ITGAX,0.3325661246565559
mlp_64,2,A1LN,KRT5,-0.024804665839083657
mlp_64,2,A1LN,MS4A1,0.25804403507499724
mlp_64,2,A1LN,PAX5,0.4798338687679727
mlp_64,2,A1LN,PCNA,-0.1365593926519807
mlp_64,2,A1LN,PDCD1,-0.1941268722519004
mlp_64,2,A1LN,PECAM1,0.302118469079438
mlp_64,2,A1LN,PTPRC_1,0.25582354013204045
mlp_64,2,A1LN,PTPRC_2,0.43550446514448365
mlp_64,2,A1LN,SDC1,0.07447929231679691
mlp_64,2,A1LN,VIM,-0.20994858931704644
mlp_64,2,A1TNSL,ACTA2,0.8135724851203414
mlp_64,2,A1TNSL,BCL2,0.6255911703388115
mlp_64,2,A1TNSL,CCR7,0.3954373931530081
mlp_64,2,A1TNSL,CD14,0.2907851971447223
mlp_64,2,A1TNSL,CD163,0.3054519558406038
mlp_64,2,A1TNSL,CD19,0.3809837516005633
mlp_64,2,A1TNSL,CD27,0.3079164187316484
mlp_64,2,A1TNSL,CD274,0.5033006426869465
mlp_64,2,A1TNSL,CD3E,0.8596143572043102
mlp_64,2,A1TNSL,CD4,0.28674680781171574
mlp_64,2,A1TNSL,CD40,0.34796139651107083
mlp_64,2,A1TNSL,CD68,0.4186060849580633
mlp_64,2,A1TNSL,CD8A,0.8070418917831373
mlp_64,2,A1TNSL,CEACAM8,0.4606925663809279
mlp_64,2,A1TNSL,CR2,0.31217433561825486
mlp_64,2,A1TNSL,CXCR5,0.7422713133709574
mlp_64,2,A1TNSL,EPCAM,0.3892114639722847
mlp_64,2,A1TNSL,FCGR3A,0.14580465157592465
mlp_64,2,A1TNSL,HLA_DRA,0.6177066389701873
mlp_64,2,A1TNSL,ITGAM,0.25539813188514543
mlp_64,2,A1TNSL,ITGAX,0.41989945204952056
mlp_64,2,A1TNSL,KRT5,0.789835564179756
mlp_64,2,A1TNSL,MS4A1,0.4262294018758183
mlp_64,2,A1TNSL,PAX5,0.7954025282394608
mlp_64,2,A1TNSL,PCNA,0.2678143163741851
mlp_64,2,A1TNSL,PDCD1,0.2762389410524119
mlp_64,2,A1TNSL,PECAM1,0.7472582143337694
mlp_64,2,A1TNSL,PTPRC_1,0.18279787853792018
mlp_64,2,A1TNSL,PTPRC_2,0.410981312683532
mlp_64,2,A1TNSL,SDC1,0.21818756065613118
mlp_64,2,A1TNSL,VIM,0.6753176461003039
mlp_64,2,D1LN,ACTA2,0.35206570345354815
mlp_64,2,D1LN,BCL2,0.40466518421951025
mlp_64,2,D1LN,CCR7,0.38617254249407745
mlp_64,2,D1LN,CD14,0.13940178036861045
mlp_64,2,D1LN,CD163,0.4640511397038346
mlp_64,2,D1LN,CD19,0.39557595059504663
mlp_64,2,D1LN,CD27,0.09166265874910728
mlp_64,2,D1LN,CD274,-0.16113384729058505
mlp_64,2,D1LN,CD3E,0.7042231850951511
mlp_64,2,D1LN,CD4,-0.07787592339963556
mlp_64,2,D1LN,CD40,-0.03310991242499509
mlp_64,2,D1LN,CD68,0.12317268600010009
mlp_64,2,D1LN,CD8A,0.5174161637031628
mlp_64,2,D1LN,CEACAM8,0.20828087359457081
mlp_64,2,D1LN,CR2,-0.12640616812700628
mlp_64,2,D1LN,CXCR5,0.39029998660407955
mlp_64,2,D1LN,EPCAM,-0.15671378021030685
mlp_64,2,D1LN,FCGR3A,0.3317779827739832
mlp_64,2,D1LN,HLA_DRA,0.42859654277631604
mlp_64,2,D1LN,ITGAM,0.2330335580863554
mlp_64,2,D1LN,ITGAX,0.31965712431895943
mlp_64,2,D1LN,KRT5,0.005822536859917091
mlp_64,2,D1LN,MS4A1,0.2144164748732758
mlp_64,2,D1LN,PAX5,0.4068428744884309
mlp_64,2,D1LN,PCNA,-0.09273819515421779
mlp_64,2,D1LN,PDCD1,-0.32338025377089524
mlp_64,2,D1LN,PECAM1,0.34012677634702737
mlp_64,2,D1LN,PTPRC_1,0.17879137118724528
mlp_64,2,D1LN,PTPRC_2,0.4232858622179887
mlp_64,2,D1LN,SDC1,0.0636263451194435
mlp_64,2,D1LN,VIM,-0.1880546823676288
mlp_64,2,D1TNSL,ACTA2,0.8130278800886607
mlp_64,2,D1TNSL,BCL2,0.597983760756592
mlp_64,2,D1TNSL,CCR7,0.41526533815480005
mlp_64,2,D1TNSL,CD14,0.3355772247374755
mlp_64,2,D1TNSL,CD163,0.35762287153116484
mlp_64,2,D1TNSL,CD19,0.36531259738584404
mlp_64,2,D1TNSL,CD27,0.34186339207269506
mlp_64,2,D1TNSL,CD274,0.5088047528496653
mlp_64,2,D1TNSL,CD3E,0.848709218744388
mlp_64,2,D1TNSL,CD4,0.35490274819278317
mlp_64,2,D1TNSL,CD40,0.29876817978691544
mlp_64,2,D1TNSL,CD68,0.34117889520169004
mlp_64,2,D1TNSL,CD8A,0.8037870244654971
mlp_64,2,D1TNSL,CEACAM8,0.49367980215826057
mlp_64,2,D1TNSL,CR2,0.3164555005983669
mlp_64,2,D1TNSL,CXCR5,0.7235778444321381
mlp_64,2,D1TNSL,EPCAM,0.3739174122735106
mlp_64,2,D1TNSL,FCGR3A,0.12383403568519817
mlp_64,2,D1TNSL,HLA_DRA,0.5965423470121857
mlp_64,2,D1TNSL,ITGAM,0.2208307491044239
mlp_64,2,D1TNSL,ITGAX,0.39589205565963365
mlp_64,2,D1TNSL,KRT5,0.8204707973706952
mlp_64,2,D1TNSL,MS4A1,0.44772135195397605
mlp_64,2,D1TNSL,PAX5,0.7772251264385556
mlp_64,2,D1TNSL,PCNA,0.31868717994362455
mlp_64,2,D1TNSL,PDCD1,0.29436182338607453
mlp_64,2,D1TNSL,PECAM1,0.7470834764304397
mlp_64,2,D1TNSL,PTPRC_1,0.17190361894757422
mlp_64,2,D1TNSL,PTPRC_2,0.4829953348217466
mlp_64,2,D1TNSL,SDC1,0.273876822450138
mlp_64,2,D1TNSL,VIM,0.6949861398513478
mlp_64_32,0,A1LN,ACTA2,0.4814680703516966
mlp_64_32,0,A1LN,BCL2,0.3672772559300949
mlp_64_32,0,A1LN,CCR7,0.31383561840999014
mlp_64_32,0,A1LN,CD14,0.3386019723982621
mlp_64_32,0,A1LN,CD163,0.19205066601063092
mlp_64_32,0,A1LN,CD19,0.543114352470861
mlp_64_32,0,A1LN,CD27,0.17278465351954445
mlp_64_32,0,A1LN,CD274,-0.12157930779846633
mlp_64_32,0,A1LN,CD3E,0.7800509409579959
mlp_64_32,0,A1LN,CD4,0.18760173466817245
mlp_64_32,0,A1LN,CD40,0.027332490813917733
mlp_64_32,0,A1LN,CD68,0.0330869777691829
mlp_64_32,0,A1LN,CD8A,0.5308144076615146
mlp_64_32,0,A1LN,CEACAM8,0.3299022557044021
mlp_64_32,0,A1LN,CR2,-0.056995460268503745
mlp_64_32,0,A1LN,CXCR5,0.3949772799875478
mlp_64_32,0,A1LN,EPCAM,-0.04934103789070658
mlp_64_32,0,A1LN,FCGR3A,0.2831923858059983
mlp_64_32,0,A1LN,HLA_DRA,0.38022695235928433
mlp_64_32,0,A1LN,ITGAM,0.1817171252656435
mlp_64_32,0,A1LN,ITGAX,0.3078757454347593
mlp_64_32,0,A1LN,KRT5,-0.02460937505185515
mlp_64_32,0,A1LN,MS4A1,0.2539277230058582
mlp_64_32,0,A1LN,PAX5,0.461075431936809
mlp_64_32,0,A1LN,PCNA,-0.1214440151854853
mlp_64_32,0,A1LN,PDCD1,-0.24387543373659062
mlp_64_32,0,A1LN,PECAM1,0.10584000345689944
mlp_64_32,0,A1LN,PTPRC_1,0.2593410382513547
mlp_64_32,0,A1LN,PTPRC_2,0.4191443652764848
mlp_64_32,0,A1LN,SDC1,0.07983343058209079
mlp_64_32,0,A1LN,VIM,0.04571295617293423
mlp_64_32,0,A1TNSL,ACTA2,0.775859790954795
mlp_64_32,0,A1TNSL,BCL2,0.606853033903197
mlp_64_32,0,A1TNSL,CCR7,0.3933524618891074
mlp_64_32,0,A1TNSL,CD14,0.24956689921353653
mlp_64_32,0,A1TNSL,CD163,0.29541080526091595
mlp_64_32,0,A1TNSL,CD19,0.22929355402322663
mlp_64_32,0,A1TNSL,CD27,0.27102709425241045
mlp_64_32,0,A1TNSL,CD274,0.450720954757101
mlp_64_32,0,A1TNSL,CD3E,0.8579874060390723
mlp_64_32,0,A1TNSL,CD4,0.1547121207229312
mlp_64_32,0,A1TNSL,CD40,0.28553264778315773
mlp_64_32,0,A1TNSL,CD68,0.40862981364874607
mlp_64_32,0,A1TNSL,CD8A,0.7755947351475204
mlp_64_32,0,A1TNSL,CEACAM8,0.4403344578068675
mlp_64_32,0,A1TNSL,CR2,0.18208017013498495
mlp_64_32,0,A1TNSL,CXCR5,0.7296172380293835
mlp_64_32,0,A1TNSL,EPCAM,0.32629543579873577
mlp_64_32,0,A1TNSL,FCGR3A,0.16423632143995467
mlp_64_32,0,A1TNSL,HLA_DRA,0.6775076081996377
mlp_64_32,0,A1TNSL,ITGAM,0.2319861000038397
mlp_64_32,0,A1TNSL,ITGAX,0.3962538371075294
mlp_64_32,0,A1TNSL,KRT5,0.7845919632669428
mlp_64_32,0,A1TNSL,MS4A1,0.4633725134192577
mlp_64_32,0,A1TNSL,PAX5,0.7961456756545826
mlp_64_32,0,A1TNSL,PCNA,0.34272096978740574
mlp_64_32,0,A1TNSL,PDCD1,-0.014266105290339769
mlp_64_32,0,A1TNSL,PECAM1,0.6824424723085573
mlp_64_32,0,A1TNSL,PTPRC_1,0.1816857500328905
mlp_64_32,0,A1TNSL,PTPRC_2,0.43697102799270104
mlp_64_32,0,A1TNSL,SDC1,0.1635684290903943
mlp_64_32,0,A1TNSL,VIM,0.6988757201275461
mlp_64_32,0,D1LN,ACTA2,0.4103986277925472
mlp_64_32,0,D1LN,BCL2,0.2817644718576966
mlp_64_32,0,D1LN,CCR7,0.3196731438784788
mlp_64_32,0,D1LN,CD14,0.14076987704870905
mlp_64_32,0,D1LN,CD163,0.2836362710196114
mlp_64_32,0,D1LN,CD19,0.41530465130922245
mlp_64_32,0,D1LN,CD27,0.113356618901049
mlp_64_32,0,D1LN,CD274,-0.020540219678342558
mlp_64_32,0,D1LN,CD3E,0.7272725600653498
mlp_64_32,0,D1LN,CD4,-0.09774601551644226
mlp_64_32,0,D1LN,CD40,0.0035809378528206376
mlp_64_32,0,D1LN,CD68,0.10555398250042343
mlp_64_32,0,D1LN,CD8A,0.529455701501382
mlp_64_32,0,D1LN,CEACAM8,0.23389085230404094
mlp_64_32,0,D1LN,CR2,-0.08624331438102732
mlp_64_32,0,D1LN,CXCR5,0.37180452726568874
mlp_64_32,0,D1LN,EPCAM,-0.21093040721645662
mlp_64_32,0,D1LN,FCGR3A,0.2924963920624463
mlp_64_32,0,D1LN,HLA_DRA,0.3941937293986734
mlp_64_32,0,D1LN,ITGAM,0.164460716144573
mlp_64_32,0,D1LN,ITGAX,0.3080803641538012
mlp_64_32,0,D1LN,KRT5,-0.04112276257220624
mlp_64_32,0,D1LN,MS4A1,0.22314558562325684
mlp_64_32,0,D1LN,PAX5,0.33288372752498935
mlp_64_32,0,D1LN,PCNA,-0.06594240387732705
mlp_64_32,0,D1LN,PDCD1,-0.35419554286002425
mlp_64_32,0,D1LN,PECAM1,0.18449559349118994
mlp_64_32,0,D1LN,PTPRC_1,0.22941593439322971
mlp_64_32,0,D1LN,PTPRC_2,0.46222875007556097
mlp_64_32,0,D1LN,SDC1,0.06261809662585532
mlp_64_32,0,D1LN,VIM,-0.14861166126258352
mlp_64_32,0,D1TNSL,ACTA2,0.7821227872799033
mlp_64_32,0,D1TNSL,BCL2,0.5386618890750415
mlp_64_32,0,D1TNSL,CCR7,0.4254024960227639
mlp_64_32,0,D1TNSL,CD14,0.30069026006174765
mlp_64_32,0,D1TNSL,CD163,0.3786662945833057
mlp_64_32,0,D1TNSL,CD19,0.24748015890175082
mlp_64_32,0,D1TNSL,CD27,0.29721303575263724
mlp_64_32,0,D1TNSL,CD274,0.3984775492040697
mlp_64_32,0,D1TNSL,CD3E,0.8528219878259193
mlp_64_32,0,D1TNSL,CD4,0.15514114173002094
mlp_64_32,0,D1TNSL,CD40,0.2608123957678348
mlp_64_32,0,D1TNSL,CD68,0.3705199690208905
mlp_64_32,0,D1TNSL,CD8A,0.7737521478352338
mlp_64_32,0,D1TNSL,CEACAM8,0.46686122985887146
mlp_64_32,0,D1TNSL,CR2,0.16755898265015065
mlp_64_32,0,D1TNSL,CXCR5,0.7250738737280447
mlp_64_32,0,D1TNSL,EPCAM,0.31102964381251275
mlp_64_32,0,D1TNSL,FCGR3A,0.13014711729960315
mlp_64_32,0,D1TNSL,HLA_DRA,0.6680169701089683
mlp_64_32,0,D1TNSL,ITGAM,0.22529546398231803
mlp_64_32,0,D1TNSL,ITGAX,0.3305550637558817
mlp_64_32,0,D1TNSL,KRT5,0.8057028716276873
mlp_64_32,0,D1TNSL,MS4A1,0.4932227710787272
mlp_64_32,0,D1TNSL,PAX5,0.7817023149209762
mlp_64_32,0,D1TNSL,PCNA,0.33637645955704865
mlp_64_32,0,D1TNSL,PDCD1,-0.06422995992036284
mlp_64_32,0,D1TNSL,PECAM1,0.6862240344257285
mlp_64_32,0,D1TNSL,PTPRC_1,0.13139505280933708
mlp_64_32,0,D1TNSL,PTPRC_2,0.5086884421639006
mlp_64_32,0,D1TNSL,SDC1,0.23610085285935237
mlp_64_32,0,D1TNSL,VIM,0.7168039141770096
mlp_64_32,1,A1LN,ACTA2,0.4636544819476536
mlp_64_32,1,A1LN,BCL2,0.33313005488151565
mlp_64_32,1,A1LN,CCR7,0.3547439008639542
mlp_64_32,1,A1LN,CD14,0.3376896083900406
mlp_64_32,1,A1LN,CD163,0.4722579585217297
mlp_64_32,1,A1LN,CD19,0.4782657633162518
mlp_64_32,1,A1LN,CD27,0.16809279559453902
mlp_64_32,1,A1LN,CD274,-0.15853755429738564
mlp_64_32,1,A1LN,CD3E,0.7624660939873084
mlp_64_32,1,A1LN,CD4,0.22938840363287238
mlp_64_32,1,A1LN,CD40,-0.04440987062456567
mlp_64_32,1,A1LN,CD68,0.01935231742061343
mlp_64_32,1,A1LN,CD8A,0.5086592310429365
mlp_64_32,1,A1LN,CEACAM8,0.34894769520981983
mlp_64_32,1,A1LN,CR2,-0.03009366737612208
mlp_64_32,1,A1LN,CXCR5,0.42595286100951874
mlp_64_32,1,A1LN,EPCAM,-0.005019083145033019
mlp_64_32,1,A1LN,FCGR3A,0.20730086202037395
mlp_64_32,1,A1LN,HLA_DRA,0.3777402444916121
mlp_64_32,1,A1LN,ITGAM,0.285812757090691
mlp_64_32,1,A1LN,ITGAX,0.2763458504471115
mlp_64_32,1,A1LN,KRT5,-0.018039446649102845
mlp_64_32,1,A1LN,MS4A1,0.2981322175845205
mlp_64_32,1,A1LN,PAX5,0.45878124216298033
mlp_64_32,1,A1LN,PCNA,0.23414792848344998
mlp_64_32,1,A1LN,PDCD1,-0.17113219957590345
mlp_64_32,1,A1LN,PECAM1,0.3084884775086487
mlp_64_32,1,A1LN,PTPRC_1,0.2053361442276156
mlp_64_32,1,A1LN,PTPRC_2,0.41500194289950415
mlp_64_32,1,A1LN,SDC1,0.09981536697769795
mlp_64_32,1,A1LN,VIM,0.20980820865942695
mlp_64_32,1,A1TNSL,ACTA2,0.7927753980325344
mlp_64_32,1,A1TNSL,BCL2,0.6890081705069924
mlp_64_32,1,A1TNSL,CCR7,0.40979144184257726
mlp_64_32,1,A1TNSL,CD14,0.26958336674186856
mlp_64_32,1,A1TNSL,CD163,0.2215152771992503
mlp_64_32,1,A1TNSL,CD19,0.19702736463311563
mlp_64_32,1,A1TNSL,CD27,0.29193777933986165
mlp_64_32,1,A1TNSL,CD274,0.47144427430884334
mlp_64_32,1,A1TNSL,CD3E,0.8715607214198468
mlp_64_32,1,A1TNSL,CD4,0.2932301461633219
mlp_64_32,1,A1TNSL,CD40,0.19911817393172784
mlp_64_32,1,A1TNSL,CD68,0.3741777831059505
mlp_64_32,1,A1TNSL,CD8A,0.785808737115474
mlp_64_32,1,A1TNSL,CEACAM8,0.4519059399991112
mlp_64_32,1,A1TNSL,CR2,0.1399512491527307
mlp_64_32,1,A1TNSL,CXCR5,0.726575204228186
mlp_64_32,1,A1TNSL,EPCAM,0.3693414486909102
mlp_64_32,1,A1TNSL,FCGR3A,0.1642712339535774
mlp_64_32,1,A1TNSL,HLA_DRA,0.6743519993260658
mlp_64_32,1,A1TNSL,ITGAM,0.25376885635003255
mlp_64_32,1,A1TNSL,ITGAX,0.3850180368242036
mlp_64_32,1,A1TNSL,KRT5,0.7944163315093461
mlp_64_32,1,A1TNSL,MS4A1,0.41988658163093484
mlp_64_32,1,A1TNSL,PAX5,0.8161854612837096
mlp_64_32,1,A1TNSL,PCNA,0.4496056984701514
mlp_64_32,1,A1TNSL,PDCD1,0.20338354845234155
mlp_64_32,1,A1TNSL,PECAM1,0.7215619033290523
mlp_64_32,1,A1TNSL,PTPRC_1,0.19008796608792455
mlp_64_32,1,A1TNSL,PTPRC_2,0.43254845982324386
mlp_64_32,1,A1TNSL,SDC1,0.21135915276078215
mlp_64_32,1,A1TNSL,VIM,0.6154408288032245
mlp_64_32,1,D1LN,ACTA2,0.3799656553245704
mlp_64_32,1,D1LN,BCL2,0.2550516441593939
mlp_64_32,1,D1LN,CCR7,0.3774580769958631
mlp_64_32,1,D1LN,CD14,0.17840991725122482
mlp_64_32,1,D1LN,CD163,0.3244666486410243
mlp_64_32,1,D1LN,CD19,0.36154560586250967
mlp_64_32,1,D1LN,CD27,0.15786968066610552
mlp_64_32,1,D1LN,CD274,-0.137601872026736
mlp_64_32,1,D1LN,CD3E,0.7082840449279608
mlp_64_32,1,D1LN,CD4,0.1749331798725839
mlp_64_32,1,D1LN,CD40,-0.0343437268269282
mlp_64_32,1,D1LN,CD68,0.15813355858614936
mlp_64_32,1,D1LN,CD8A,0.49053106129609275
mlp_64_32,1,D1LN,CEACAM8,0.20097399388380693
mlp_64_32,1,D1LN,CR2,-0.0626406152016752
mlp_64_32,1,D1LN,CXCR5,0.3805212401714973
mlp_64_32,1,D1LN,EPCAM,-0.11458132324009089
mlp_64_32,1,D1LN,FCGR3A,0.22400230529602316
mlp_64_32,1,D1LN,HLA_DRA,0.29836180389544
mlp_64_32,1,D1LN,ITGAM,0.1471915654549099
mlp_64_32,1,D1LN,ITGAX,0.2765481789467596
mlp_64_32,1,D1LN,KRT5,0.03219238364807589
mlp_64_32,1,D1LN,MS4A1,0.23754001255580065
mlp_64_32,1,D1LN,PAX5,0.3954821433936613
mlp_64_32,1,D1LN,PCNA,0.22252870500156463
mlp_64_32,1,D1LN,PDCD1,-0.22010659542310823
mlp_64_32,1,D1LN,PECAM1,0.2956950706067093
mlp_64_32,1,D1LN,PTPRC_1,0.15099364924012326
mlp_64_32,1,D1LN,PTPRC_2,0.48957063492714414
mlp_64_32,1,D1LN,SDC1,0.13827593417886025
mlp_64_32,1,D1LN,VIM,0.18796898058823597
mlp_64_32,1,D1TNSL,ACTA2,0.8060363188071685
mlp_64_32,1,D1TNSL,BCL2,0.6348235505758117
mlp_64_32,1,D1TNSL,CCR7,0.42289111220477194
mlp_64_32,1,D1TNSL,CD14,0.31411143261267543
mlp_64_32,1,D1TNSL,CD163,0.327502814259472
mlp_64_32,1,D1TNSL,CD19,0.1959144438290292
mlp_64_32,1,D1TNSL,CD27,0.3001316252455033
mlp_64_32,1,D1TNSL,CD274,0.4771504642834394
mlp_64_32,1,D1TNSL,CD3E,0.8554092479748804
mlp_64_32,1,D1TNSL,CD4,0.3029001283285181
mlp_64_32,1,D1TNSL,CD40,0.12614481888795412
mlp_64_32,1,D1TNSL,CD68,0.3363995483621339
mlp_64_32,1,D1TNSL,CD8A,0.7880737003957878
mlp_64_32,1,D1TNSL,CEACAM8,0.4697240600610752
mlp_64_32,1,D1TNSL,CR2,0.07525660923554373
mlp_64_32,1,D1TNSL,CXCR5,0.7182024301145727
mlp_64_32,1,D1TNSL,EPCAM,0.3772136722777092
mlp_64_32,1,D1TNSL,FCGR3A,0.13454923363603802
mlp_64_32,1,D1TNSL,HLA_DRA,0.6333313225076358
mlp_64_32,1,D1TNSL,ITGAM,0.21886260863708715
mlp_64_32,1,D1TNSL,ITGAX,0.3402773978120883
mlp_64_32,1,D1TNSL,KRT5,0.8126144686276766
mlp_64_32,1,D1TNSL,MS4A1,0.4512927517285966
mlp_64_32,1,D1TNSL,PAX5,0.7872914956041281
mlp_64_32,1,D1TNSL,PCNA,0.4082800309577005
mlp_64_32,1,D1TNSL,PDCD1,0.1360765005692325
mlp_64_32,1,D1TNSL,PECAM1,0.7395150157626564
mlp_64_32,1,D1TNSL,PTPRC_1,0.12612869878257374
mlp_64_32,1,D1TNSL,PTPRC_2,0.49639482874997054
mlp_64_32,1,D1TNSL,SDC1,0.23056963426793414
mlp_64_32,1,D1TNSL,VIM,0.6188930308016283
mlp_64_32,2,A1LN,ACTA2,0.3400682811038511
mlp_64_32,2,A1LN,BCL2,0.43458134568948675
mlp_64_32,2,A1LN,CCR7,0.3372482825291476
mlp_64_32,2,A1LN,CD14,0.31230921452749083
mlp_64_32,2,A1LN,CD163,0.37513367592185504
mlp_64_32,2,A1LN,CD19,0.4659851808180523
mlp_64_32,2,A1LN,CD27,0.20776419199285842
mlp_64_32,2,A1LN,CD274,-0.05534523712937994
mlp_64_32,2,A1LN,CD3E,0.7774220462761962
mlp_64_32,2,A1LN,CD4,0.312644424956657
mlp_64_32,2,A1LN,CD40,-0.0666726901087536
mlp_64_32,2,A1LN,CD68,0.11220762484754628
mlp_64_32,2,A1LN,CD8A,0.514235011961215
mlp_64_32,2,A1LN,CEACAM8,0.27571665826460207
mlp_64_32,2,A1LN,CR2,-0.0498084411915327
mlp_64_32,2,A1LN,CXCR5,0.4454479715932509
mlp_64_32,2,A1LN,EPCAM,0.05044939664046467
mlp_64_32,2,A1LN,FCGR3A,0.31111711541582876
mlp_64_32,2,A1LN,HLA_DRA,0.4033862585863241
mlp_64_32,2,A1LN,ITGAM,0.34050050436063717
mlp_64_32,2,A1LN,ITGAX,0.2975336497962005
mlp_64_32,2,A1LN,KRT5,-0.03525154003007374
mlp_64_32,2,A1LN,MS4A1,0.24342135507821552
mlp_64_32,2,A1LN,PAX5,0.3761476231692242
mlp_64_32,2,A1LN,PCNA,0.36425358387881496
mlp_64_32,2,A1LN,PDCD1,-0.18019370382820574
mlp_64_32,2,A1LN,PECAM1,0.3628440600609152
mlp_64_32,2,A1LN,PTPRC_1,0.20187360887720632
mlp_64_32,2,A1LN,PTPRC_2,0.3321805387487471
mlp_64_32,2,A1LN,SDC1,-0.01870072423423405
mlp_64_32,2,A1LN,VIM,-0.05419193672073402
mlp_64_32,2,A1TNSL,ACTA2,0.7985170306429799
mlp_64_32,2,A1TNSL,BCL2,0.526702767373805
mlp_64_32,2,A1TNSL,CCR7,0.4464984739762889
mlp_64_32,2,A1TNSL,CD14,0.33567033118785056
mlp_64_32,2,A1TNSL,CD163,0.29635041171482224
mlp_64_32,2,A1TNSL,CD19,0.4112281332940193
mlp_64_32,2,A1TNSL,CD27,0.34759807320052005
mlp_64_32,2,A1TNSL,CD274,0.5727085736144791
mlp_64_32,2,A1TNSL,CD3E,0.8714302245521538
mlp_64_32,2,A1TNSL,CD4,0.02374674545110532
mlp_64_32,2,A1TNSL,CD40,0.3915035855591178
mlp_64_32,2,A1TNSL,CD68,0.43315560348938786
mlp_64_32,2,A1TNSL,CD8A,0.7558504956623553
mlp_64_32,2,A1TNSL,CEACAM8,0.44357042791990225
mlp_64_32,2,A1TNSL,CR2,0.34480574981870055
mlp_64_32,2,A1TNSL,CXCR5,0.7195437285040537
mlp_64_32,2,A1TNSL,EPCAM,0.30122834782939195
mlp_64_32,2,A1TNSL,FCGR3A,0.16889297936131073
mlp_64_32,2,A1TNSL,HLA_DRA,0.6760493324264117
mlp_64_32,2,A1TNSL,ITGAM,0.23655670483416197
mlp_64_32,2,A1TNSL,ITGAX,0.37897968375486263
mlp_64_32,2,A1TNSL,KRT5,0.8046370345672808
mlp_64_32,2,A1TNSL,MS4A1,0.43979929208570884
mlp_64_32,2,A1TNSL,PAX5,0.793498472351678
mlp_64_32,2,A1TNSL,PCNA,0.3360254642622886
mlp_64_32,2,A1TNSL,PDCD1,0.3918563718086029
mlp_64_32,2,A1TNSL,PECAM1,0.6407506253367351
mlp_64_32,2,A1TNSL,PTPRC_1,0.19122771730598745
mlp_64_32,2,A1TNSL,PTPRC_2,0.44889483099666094
mlp_64_32,2,A1TNSL,SDC1,0.19989754564159848
mlp_64_32,2,A1TNSL,VIM,0.618330281115523
mlp_64_32,2,D1LN,ACTA2,0.28288280253245823
mlp_64_32,2,D1LN,BCL2,0.434585314243691
mlp_64_32,2,D1LN,CCR7,0.4076293087119179
mlp_64_32,2,D1LN,CD14,0.11954687593637464
mlp_64_32,2,D1LN,CD163,0.29456865876790866
mlp_64_32,2,D1LN,CD19,0.3561507358274568
mlp_64_32,2,D1LN,CD27,0.13401139670133283
mlp_64_32,2,D1LN,CD274,-0.013821167455125296
mlp_64_32,2,D1LN,CD3E,0.7085084127106184
mlp_64_32,2,D1LN,CD4,0.4061907487087171
mlp_64_32,2,D1LN,CD40,-0.04974576175007588
mlp_64_32,2,D1LN,CD68,0.14180386202609763
mlp_64_32,2,D1LN,CD8A,0.48576193870580503
mlp_64_32,2,D1LN,CEACAM8,0.17649771036688655
mlp_64_32,2,D1LN,CR2,-0.05345900852226778
mlp_64_32,2,D1LN,CXCR5,0.41088323335428867
mlp_64_32,2,D1LN,EPCAM,-0.05323044424508954
mlp_64_32,2,D1LN,FCGR3A,0.3128653118951739
mlp_64_32,2,D1LN,HLA_DRA,0.4450687785268125
mlp_64_32,2,D1LN,ITGAM,0.18915600842501817
mlp_64_32,2,D1LN,ITGAX,0.3061253586511458
mlp_64_32,2,D1LN,KRT5,-0.03835438428673215
mlp_64_32,2,D1LN,MS4A1,0.2078163529951339
mlp_64_32,2,D1LN,PAX5,0.2627997057608837
mlp_64_32,2,D1LN,PCNA,0.36261143034366505
mlp_64_32,2,D1LN,PDCD1,-0.27713583936420977
mlp_64_32,2,D1LN,PECAM1,0.3718652339987709
mlp_64_32,2,D1LN,PTPRC_1,0.18958489266491554
mlp_64_32,2,D1LN,PTPRC_2,0.2829244769938843
mlp_64_32,2,D1LN,SDC1,0.0013865645643229623
mlp_64_32,2,D1LN,VIM,-0.1379069076103178
mlp_64_32,2,D1TNSL,ACTA2,0.8029556884356229
mlp_64_32,2,D1TNSL,BCL2,0.4987962582638626
mlp_64_32,2,D1TNSL,CCR7,0.4632934747562137
mlp_64_32,2,D1TNSL,CD14,0.34649837746043033
mlp_64_32,2,D1TNSL,CD163,0.36984621201740747
mlp_64_32,2,D1TNSL,CD19,0.37983438579368933
mlp_64_32,2,D1TNSL,CD27,0.39894615643466064
mlp_64_32,2,D1TNSL,CD274,0.5625705544055204
mlp_64_32,2,D1TNSL,CD3E,0.8541723455902783
mlp_64_32,2,D1TNSL,CD4,0.06715012131047265
mlp_64_32,2,D1TNSL,CD40,0.37514794656297445
mlp_64_32,2,D1TNSL,CD68,0.41269299097556333
mlp_64_32,2,D1TNSL,CD8A,0.7587748778889815
mlp_64_32,2,D1TNSL,CEACAM8,0.45144300101398577
mlp_64_32,2,D1TNSL,CR2,0.3891403157534427
mlp_64_32,2,D1TNSL,CXCR5,0.7123163442321627
mlp_64_32,2,D1TNSL,EPCAM,0.28472776552652884
mlp_64_32,2,D1TNSL,FCGR3A,0.13587009481005766
mlp_64_32,2,D1TNSL,HLA_DRA,0.6621888491440946
mlp_64_32,2,D1TNSL,ITGAM,0.2068009397276474
mlp_64_32,2,D1TNSL,ITGAX,0.3535244960849152
mlp_64_32,2,D1TNSL,KRT5,0.8146741299028789
mlp_64_32,2,D1TNSL,MS4A1,0.46977726809420184
mlp_64_32,2,D1TNSL,PAX5,0.7720443282683964
mlp_64_32,2,D1TNSL,PCNA,0.3362273350510614
mlp_64_32,2,D1TNSL,PDCD1,0.358268049822871
mlp_64_32,2,D1TNSL,PECAM1,0.6433180308502421
mlp_64_32,2,D1TNSL,PTPRC_1,0.15177722420094916
mlp_64_32,2,D1TNSL,PTPRC_2,0.5095473555961756
mlp_64_32,2,D1TNSL,SDC1,0.20741569053945308
mlp_64_32,2,D1TNSL,VIM,0.6236411499307895
