experiment,fold,protein,spearman,kind
Internal LODO (20 ep),holdout_tonsil,ACTA2,0.5084804752536775,marker
Internal LODO (20 ep),holdout_tonsil,BCL2,-0.4989713428743941,marker
Internal LODO (20 ep),holdout_tonsil,CCR7,-0.2954588215849838,marker
Internal LODO (20 ep),holdout_tonsil,CD14,-0.0454069674694511,marker
Internal LODO (20 ep),holdout_tonsil,CD163,-0.0481597455785719,marker
Internal LODO (20 ep),holdout_tonsil,CD19,0.0525619159923439,marker
Internal LODO (20 ep),holdout_tonsil,CD27,-0.2112735382026235,marker
Internal LODO (20 ep),holdout_tonsil,CD274,0.4675535679707876,marker
Internal LODO (20 ep),holdout_tonsil,CD3E,0.6183107468053376,marker
Internal LODO (20 ep),holdout_tonsil,CD4,-0.3346690853496644,marker
Internal LODO (20 ep),holdout_tonsil,CD40,0.0582734662779913,marker
Internal LODO (20 ep),holdout_tonsil,CD68,-0.1827702699885733,marker
Internal LODO (20 ep),holdout_tonsil,CD8A,-0.1363371627910121,marker
Internal LODO (20 ep),holdout_tonsil,CEACAM8,-0.4054941292233298,marker
Internal LODO (20 ep),holdout_tonsil,CR2,-0.2499442728221757,marker
Internal LODO (20 ep),holdout_tonsil,CXCR5,0.5065393621105382,marker
Internal LODO (20 ep),holdout_tonsil,EPCAM,-0.113845015753163,marker
Internal LODO (20 ep),holdout_tonsil,FCGR3A,-0.3409706416731106,marker
Internal LODO (20 ep),holdout_tonsil,HLA_DRA,0.1734389624028602,marker
Internal LODO (20 ep),holdout_tonsil,ITGAM,-0.3050487918192079,marker
Internal LODO (20 ep),holdout_tonsil,ITGAX,-0.0114850806245113,marker
Internal LODO (20 ep),holdout_tonsil,KRT5,0.6346947655407755,marker
Internal LODO (20 ep),holdout_tonsil,MS4A1,-0.0728583312442271,marker
Internal LODO (20 ep),holdout_tonsil,PAX5,0.0630354553872635,marker
Internal LODO (20 ep),holdout_tonsil,PCNA,0.1678572347427377,marker
Internal LODO (20 ep),holdout_tonsil,PDCD1,0.3585088994224804,marker
Internal LODO (20 ep),holdout_tonsil,PECAM1,0.6400401046875965,marker
Internal LODO (20 ep),holdout_tonsil,PTPRC_1,0.1645283641888309,marker
Internal LODO (20 ep),holdout_tonsil,PTPRC_2,0.4917216713508301,marker
Internal LODO (20 ep),holdout_tonsil,SDC1,0.032324614530291,marker
Internal LODO (20 ep),holdout_tonsil,VIM,0.5151381325103507,marker
Internal LODO (20 ep),holdout_tonsil,mouse_IgG1k,0.2324717977282629,isotype
Internal LODO (20 ep),holdout_tonsil,mouse_IgG2a,0.0917297798663032,isotype
Internal LODO (20 ep),holdout_tonsil,mouse_IgG2bk,0.1522511335525418,isotype
Internal LODO (20 ep),holdout_tonsil,rat_IgG2a,0.180861733161044,isotype
Internal LODO (100 ep),holdout_tonsil,ACTA2,0.0328191362511044,marker
Internal LODO (100 ep),holdout_tonsil,BCL2,-0.1166234970544537,marker
Internal LODO (100 ep),holdout_tonsil,CCR7,0.0974651385226408,marker
Internal LODO (100 ep),holdout_tonsil,CD14,-0.0201426020556131,marker
Internal LODO (100 ep),holdout_tonsil,CD163,-0.0590088515868141,marker
Internal LODO (100 ep),holdout_tonsil,CD19,0.3905237974138359,marker
Internal LODO (100 ep),holdout_tonsil,CD27,0.1131017324006785,marker
Internal LODO (100 ep),holdout_tonsil,CD274,0.3948721727313687,marker
Internal LODO (100 ep),holdout_tonsil,CD3E,0.1489216640318583,marker
Internal LODO (100 ep),holdout_tonsil,CD4,-0.0920938763026306,marker
Internal LODO (100 ep),holdout_tonsil,CD40,0.1484040081831649,marker
Internal LODO (100 ep),holdout_tonsil,CD68,0.1042980309676282,marker
Internal LODO (100 ep),holdout_tonsil,CD8A,0.3374146506567527,marker
Internal LODO (100 ep),holdout_tonsil,CEACAM8,-0.1139360549561963,marker
Internal LODO (100 ep),holdout_tonsil,CR2,0.0624385960598267,marker
Internal LODO (100 ep),holdout_tonsil,CXCR5,0.789654096968047,marker
Internal LODO (100 ep),holdout_tonsil,EPCAM,-0.057726944300741,marker
Internal LODO (100 ep),holdout_tonsil,FCGR3A,0.535972110871206,marker
Internal LODO (100 ep),holdout_tonsil,HLA_DRA,0.2459405056581455,marker
Internal LODO (100 ep),holdout_tonsil,ITGAM,0.2840310181058339,marker
Internal LODO (100 ep),holdout_tonsil,ITGAX,0.0211631783854238,marker
Internal LODO (100 ep),holdout_tonsil,KRT5,0.5139437592305699,marker
Internal LODO (100 ep),holdout_tonsil,MS4A1,0.25892629215634,marker
Internal LODO (100 ep),holdout_tonsil,PAX5,0.5078902285960347,marker
Internal LODO (100 ep),holdout_tonsil,PCNA,-0.18305596848785,marker
Internal LODO (100 ep),holdout_tonsil,PDCD1,0.5636458526692962,marker
Internal LODO (100 ep),holdout_tonsil,PECAM1,0.5445182021620256,marker
Internal LODO (100 ep),holdout_tonsil,PTPRC_1,-0.01317531358931,marker
Internal LODO (100 ep),holdout_tonsil,PTPRC_2,0.2569795122777907,marker
Internal LODO (100 ep),holdout_tonsil,SDC1,-0.1128339643273332,marker
Internal LODO (100 ep),holdout_tonsil,VIM,0.4916340628874407,marker
Internal LODO (100 ep),holdout_tonsil,mouse_IgG1k,0.1504440707538536,isotype
Internal LODO (100 ep),holdout_tonsil,mouse_IgG2a,0.2099654927074968,isotype
Internal LODO (100 ep),holdout_tonsil,mouse_IgG2bk,0.2181855627855904,isotype
Internal LODO (100 ep),holdout_tonsil,rat_IgG2a,0.1346918940387602,isotype
Internal LODO (20 ep),holdout_breast_cancer,ACTA2,0.4976650930701035,marker
Internal LODO (20 ep),holdout_breast_cancer,BCL2,-0.7441877903198785,marker
Internal LODO (20 ep),holdout_breast_cancer,CCR7,0.436174565278433,marker
Internal LODO (20 ep),holdout_breast_cancer,CD14,0.2052662301761358,marker
Internal LODO (20 ep),holdout_breast_cancer,CD163,-0.1332498957125308,marker
Internal LODO (20 ep),holdout_breast_cancer,CD19,0.0647150820775694,marker
Internal LODO (20 ep),holdout_breast_cancer,CD27,0.4443621895980292,marker
Internal LODO (20 ep),holdout_breast_cancer,CD274,0.5732262271155717,marker
Internal LODO (20 ep),holdout_breast_cancer,CD3E,0.656081132754673,marker
Internal LODO (20 ep),holdout_breast_cancer,CD4,0.2186807129220088,marker
Internal LODO (20 ep),holdout_breast_cancer,CD40,-0.0621733527845074,marker
Internal LODO (20 ep),holdout_breast_cancer,CD68,-0.1059022389009562,marker
Internal LODO (20 ep),holdout_breast_cancer,CD8A,0.510261422693676,marker
Internal LODO (20 ep),holdout_breast_cancer,CEACAM8,-0.1156861592389476,marker
Internal LODO (20 ep),holdout_breast_cancer,CR2,0.2813010503577646,marker
Internal LODO (20 ep),holdout_breast_cancer,CXCR5,-0.3046873360307027,marker
Internal LODO (20 ep),holdout_breast_cancer,EPCAM,0.8328229982940085,marker
Internal LODO (20 ep),holdout_breast_cancer,FCGR3A,-0.0630060538490156,marker
Internal LODO (20 ep),holdout_breast_cancer,HLA_DRA,-0.402951225157475,marker
Internal LODO (20 ep),holdout_breast_cancer,ITGAM,0.3273882488203499,marker
Internal LODO (20 ep),holdout_breast_cancer,ITGAX,0.2423116814047297,marker
Internal LODO (20 ep),holdout_breast_cancer,KRT5,0.8690221876615627,marker
Internal LODO (20 ep),holdout_breast_cancer,MS4A1,-0.4466402605841897,marker
Internal LODO (20 ep),holdout_breast_cancer,PAX5,-0.3811473585587367,marker
Internal LODO (20 ep),holdout_breast_cancer,PCNA,0.8282272575361997,marker
Internal LODO (20 ep),holdout_breast_cancer,PDCD1,-0.3010623728488655,marker
Internal LODO (20 ep),holdout_breast_cancer,PECAM1,0.4794431184225981,marker
Internal LODO (20 ep),holdout_breast_cancer,PTPRC_1,0.5102387606648062,marker
Internal LODO (20 ep),holdout_breast_cancer,PTPRC_2,0.6732042078846986,marker
Internal LODO (20 ep),holdout_breast_cancer,SDC1,0.5034556433505332,marker
Internal LODO (20 ep),holdout_breast_cancer,VIM,0.8429917889677633,marker
Internal LODO (20 ep),holdout_breast_cancer,mouse_IgG1k,-0.1520188204300382,isotype
Internal LODO (20 ep),holdout_breast_cancer,mouse_IgG2a,-0.5149857715721597,isotype
Internal LODO (20 ep),holdout_breast_cancer,mouse_IgG2bk,0.337998751613046,isotype
Internal LODO (20 ep),holdout_breast_cancer,rat_IgG2a,0.1059228926328777,isotype
Internal LODO (100 ep),holdout_breast_cancer,ACTA2,0.5147912636624472,marker
Internal LODO (100 ep),holdout_breast_cancer,BCL2,-0.574724165387534,marker
Internal LODO (100 ep),holdout_breast_cancer,CCR7,-0.2872514661102164,marker
Internal LODO (100 ep),holdout_breast_cancer,CD14,-0.4498118622919941,marker
Internal LODO (100 ep),holdout_breast_cancer,CD163,-0.0984848659856819,marker
Internal LODO (100 ep),holdout_breast_cancer,CD19,0.0100626165289123,marker
Internal LODO (100 ep),holdout_breast_cancer,CD27,0.448391957909692,marker
Internal LODO (100 ep),holdout_breast_cancer,CD274,0.5836051464380357,marker
Internal LODO (100 ep),holdout_breast_cancer,CD3E,0.7727523547967754,marker
Internal LODO (100 ep),holdout_breast_cancer,CD4,-0.3135327564317444,marker
Internal LODO (100 ep),holdout_breast_cancer,CD40,-0.1090480507894719,marker
Internal LODO (100 ep),holdout_breast_cancer,CD68,-0.0510034109355731,marker
Internal LODO (100 ep),holdout_breast_cancer,CD8A,0.6445662288587982,marker
Internal LODO (100 ep),holdout_breast_cancer,CEACAM8,-0.1453204873778421,marker
Internal LODO (100 ep),holdout_breast_cancer,CR2,-0.4415614110188777,marker
Internal LODO (100 ep),holdout_breast_cancer,CXCR5,0.7859680067789233,marker
Internal LODO (100 ep),holdout_breast_cancer,EPCAM,-0.8357942442497804,marker
Internal LODO (100 ep),holdout_breast_cancer,FCGR3A,0.6610991780570212,marker
Internal LODO (100 ep),holdout_breast_cancer,HLA_DRA,-0.147925474131733,marker
Internal LODO (100 ep),holdout_breast_cancer,ITGAM,0.2980660352769274,marker
Internal LODO (100 ep),holdout_breast_cancer,ITGAX,-0.0251390544300893,marker
Internal LODO (100 ep),holdout_breast_cancer,KRT5,0.8429806905643414,marker
Internal LODO (100 ep),holdout_breast_cancer,MS4A1,-0.4265146188530021,marker
Internal LODO (100 ep),holdout_breast_cancer,PAX5,-0.3784203110822697,marker
Internal LODO (100 ep),holdout_breast_cancer,PCNA,0.7732226617491069,marker
Internal LODO (100 ep),holdout_breast_cancer,PDCD1,0.3225283194850292,marker
Internal LODO (100 ep),holdout_breast_cancer,PECAM1,0.5438155527743488,marker
Internal LODO (100 ep),holdout_breast_cancer,PTPRC_1,-0.2116766375757806,marker
Internal LODO (100 ep),holdout_breast_cancer,PTPRC_2,0.7960148911192636,marker
Internal LODO (100 ep),holdout_breast_cancer,SDC1,-0.4062882496120497,marker
Internal LODO (100 ep),holdout_breast_cancer,VIM,0.8163254961624058,marker
Internal LODO (100 ep),holdout_breast_cancer,mouse_IgG1k,-3.351537666221204e-05,isotype
Internal LODO (100 ep),holdout_breast_cancer,mouse_IgG2a,-0.1087583414073027,isotype
Internal LODO (100 ep),holdout_breast_cancer,mouse_IgG2bk,0.4460981299828006,isotype
Internal LODO (100 ep),holdout_breast_cancer,rat_IgG2a,-0.140438048525046,isotype
External GSE263617 (20 ep),holdout_tonsil,ACTA2,0.4567657945827739,marker
External GSE263617 (20 ep),holdout_tonsil,BCL2,-0.0651343620735302,marker
External GSE263617 (20 ep),holdout_tonsil,CCR7,0.0112966195956965,marker
External GSE263617 (20 ep),holdout_tonsil,CD14,0.2517865315096277,marker
External GSE263617 (20 ep),holdout_tonsil,CD163,0.3727648925554255,marker
External GSE263617 (20 ep),holdout_tonsil,CD19,0.4635679700374349,marker
External GSE263617 (20 ep),holdout_tonsil,CD27,-0.0540654743294553,marker
External GSE263617 (20 ep),holdout_tonsil,CD274,0.0087902052842287,marker
External GSE263617 (20 ep),holdout_tonsil,CD3E,0.3092447079307357,marker
External GSE263617 (20 ep),holdout_tonsil,CD4,-0.0206268187983411,marker
External GSE263617 (20 ep),holdout_tonsil,CD40,0.0655346703614863,marker
External GSE263617 (20 ep),holdout_tonsil,CD68,-0.4698826093913093,marker
External GSE263617 (20 ep),holdout_tonsil,CD8A,0.1807242218890056,marker
External GSE263617 (20 ep),holdout_tonsil,CEACAM8,-0.2111274270004048,marker
External GSE263617 (20 ep),holdout_tonsil,CR2,-0.0370135452217912,marker
External GSE263617 (20 ep),holdout_tonsil,CXCR5,0.297192001284324,marker
External GSE263617 (20 ep),holdout_tonsil,EPCAM,0.0529357038416465,marker
External GSE263617 (20 ep),holdout_tonsil,FCGR3A,-0.1129583346999306,marker
External GSE263617 (20 ep),holdout_tonsil,HLA_DRA,0.3659154657681659,marker
External GSE263617 (20 ep),holdout_tonsil,ITGAM,-0.0751823770269901,marker
External GSE263617 (20 ep),holdout_tonsil,ITGAX,0.2319759432352662,marker
External GSE263617 (20 ep),holdout_tonsil,KRT5,0.0276162594971136,marker
External GSE263617 (20 ep),holdout_tonsil,MS4A1,0.1927754683481663,marker
External GSE263617 (20 ep),holdout_tonsil,PAX5,0.2502970034665701,marker
External GSE263617 (20 ep),holdout_tonsil,PCNA,0.0898193702418415,marker
External GSE263617 (20 ep),holdout_tonsil,PDCD1,0.088838207103062,marker
External GSE263617 (20 ep),holdout_tonsil,PECAM1,0.6131782424956547,marker
External GSE263617 (20 ep),holdout_tonsil,PTPRC_1,-0.1392247940100384,marker
External GSE263617 (20 ep),holdout_tonsil,PTPRC_2,0.1517379677623561,marker
External GSE263617 (20 ep),holdout_tonsil,SDC1,0.0479845248892587,marker
External GSE263617 (20 ep),holdout_tonsil,VIM,0.207677973764281,marker
External GSE263617 (20 ep),holdout_tonsil,mouse_IgG1k,-0.0670931619929675,isotype
External GSE263617 (20 ep),holdout_tonsil,mouse_IgG2a,-0.0662295628993004,isotype
External GSE263617 (20 ep),holdout_tonsil,mouse_IgG2bk,-0.0507327607472763,isotype
External GSE263617 (20 ep),holdout_tonsil,rat_IgG2a,-0.0643470087609635,isotype
External GSE263617 (20 ep),holdout_tonsil,ACTA2,0.6556501816868755,marker
External GSE263617 (20 ep),holdout_tonsil,BCL2,-0.5731835382365256,marker
External GSE263617 (20 ep),holdout_tonsil,CCR7,-0.0096568409970107,marker
External GSE263617 (20 ep),holdout_tonsil,CD14,0.0998899382776719,marker
External GSE263617 (20 ep),holdout_tonsil,CD163,0.1692994959203803,marker
External GSE263617 (20 ep),holdout_tonsil,CD19,0.2996316204241395,marker
External GSE263617 (20 ep),holdout_tonsil,CD27,0.1676695431202569,marker
External GSE263617 (20 ep),holdout_tonsil,CD274,0.3408585730039997,marker
External GSE263617 (20 ep),holdout_tonsil,CD3E,0.5489046278867017,marker
External GSE263617 (20 ep),holdout_tonsil,CD4,-0.2196636215331858,marker
External GSE263617 (20 ep),holdout_tonsil,CD40,0.1489703802522173,marker
External GSE263617 (20 ep),holdout_tonsil,CD68,0.1255222364446618,marker
External GSE263617 (20 ep),holdout_tonsil,CD8A,0.0119340650151875,marker
External GSE263617 (20 ep),holdout_tonsil,CEACAM8,-0.3397023189529784,marker
External GSE263617 (20 ep),holdout_tonsil,CR2,-0.239696156697193,marker
External GSE263617 (20 ep),holdout_tonsil,CXCR5,0.5262146201847793,marker
External GSE263617 (20 ep),holdout_tonsil,EPCAM,0.2374567547941117,marker
External GSE263617 (20 ep),holdout_tonsil,FCGR3A,-0.1238275302251503,marker
External GSE263617 (20 ep),holdout_tonsil,HLA_DRA,0.3211429621420952,marker
External GSE263617 (20 ep),holdout_tonsil,ITGAM,-0.1488568569301343,marker
External GSE263617 (20 ep),holdout_tonsil,ITGAX,0.0867180958188381,marker
External GSE263617 (20 ep),holdout_tonsil,KRT5,0.6303340106733728,marker
External GSE263617 (20 ep),holdout_tonsil,MS4A1,0.1666616246951128,marker
External GSE263617 (20 ep),holdout_tonsil,PAX5,0.3993433787000454,marker
External GSE263617 (20 ep),holdout_tonsil,PCNA,0.2417237699360953,marker
External GSE263617 (20 ep),holdout_tonsil,PDCD1,0.4651245911446591,marker
External GSE263617 (20 ep),holdout_tonsil,PECAM1,0.6067764728422942,marker
External GSE263617 (20 ep),holdout_tonsil,PTPRC_1,0.1083194346374231,marker
External GSE263617 (20 ep),holdout_tonsil,PTPRC_2,0.2883891945432844,marker
External GSE263617 (20 ep),holdout_tonsil,SDC1,0.1699078343984573,marker
External GSE263617 (20 ep),holdout_tonsil,VIM,0.6804768156145264,marker
External GSE263617 (20 ep),holdout_tonsil,mouse_IgG1k,0.0326347917742946,isotype
External GSE263617 (20 ep),holdout_tonsil,mouse_IgG2a,-0.0140742563966906,isotype
External GSE263617 (20 ep),holdout_tonsil,mouse_IgG2bk,0.0500429900950745,isotype
External GSE263617 (20 ep),holdout_tonsil,rat_IgG2a,-0.0272611225949028,isotype
External GSE263617 (20 ep),holdout_tonsil,ACTA2,0.3733857074396482,marker
External GSE263617 (20 ep),holdout_tonsil,BCL2,-0.3050161827195327,marker
External GSE263617 (20 ep),holdout_tonsil,CCR7,-0.2018588551935733,marker
External GSE263617 (20 ep),holdout_tonsil,CD14,0.0508110410054537,marker
External GSE263617 (20 ep),holdout_tonsil,CD163,0.3992898118200353,marker
External GSE263617 (20 ep),holdout_tonsil,CD19,0.3200282279170253,marker
External GSE263617 (20 ep),holdout_tonsil,CD27,-0.1443594957676687,marker
External GSE263617 (20 ep),holdout_tonsil,CD274,-0.0497995151970351,marker
External GSE263617 (20 ep),holdout_tonsil,CD3E,0.4647084264898082,marker
External GSE263617 (20 ep),holdout_tonsil,CD4,-0.2926490218524348,marker
External GSE263617 (20 ep),holdout_tonsil,CD40,0.0503708953543611,marker
External GSE263617 (20 ep),holdout_tonsil,CD68,-0.5458506052735499,marker
External GSE263617 (20 ep),holdout_tonsil,CD8A,0.0924098599949616,marker
External GSE263617 (20 ep),holdout_tonsil,CEACAM8,-0.0657873578479706,marker
External GSE263617 (20 ep),holdout_tonsil,CR2,-0.0945176550762892,marker
External GSE263617 (20 ep),holdout_tonsil,CXCR5,0.3329063250586409,marker
External GSE263617 (20 ep),holdout_tonsil,EPCAM,-0.0690079112530271,marker
External GSE263617 (20 ep),holdout_tonsil,FCGR3A,-0.3262415737314867,marker
External GSE263617 (20 ep),holdout_tonsil,HLA_DRA,0.4770115271997435,marker
External GSE263617 (20 ep),holdout_tonsil,ITGAM,0.0743731674810805,marker
External GSE263617 (20 ep),holdout_tonsil,ITGAX,0.3160359764252707,marker
External GSE263617 (20 ep),holdout_tonsil,KRT5,-0.0598450155067007,marker
External GSE263617 (20 ep),holdout_tonsil,MS4A1,0.1667691437410446,marker
External GSE263617 (20 ep),holdout_tonsil,PAX5,0.0787138840871028,marker
External GSE263617 (20 ep),holdout_tonsil,PCNA,0.2263311238132579,marker
External GSE263617 (20 ep),holdout_tonsil,PDCD1,0.2241117962066618,marker
External GSE263617 (20 ep),holdout_tonsil,PECAM1,0.4827043747305409,marker
External GSE263617 (20 ep),holdout_tonsil,PTPRC_1,-0.193811783261458,marker
External GSE263617 (20 ep),holdout_tonsil,PTPRC_2,0.2812151321142059,marker
External GSE263617 (20 ep),holdout_tonsil,SDC1,0.005096822561232,marker
External GSE263617 (20 ep),holdout_tonsil,VIM,0.2824497263996228,marker
External GSE263617 (20 ep),holdout_tonsil,mouse_IgG1k,-0.1232532166128967,isotype
External GSE263617 (20 ep),holdout_tonsil,mouse_IgG2a,0.0051774812102906,isotype
External GSE263617 (20 ep),holdout_tonsil,mouse_IgG2bk,-0.1885729348763337,isotype
External GSE263617 (20 ep),holdout_tonsil,rat_IgG2a,-0.0894470362819313,isotype
External GSE263617 (20 ep),holdout_tonsil,ACTA2,0.6843994420188544,marker
External GSE263617 (20 ep),holdout_tonsil,BCL2,-0.5473899864821752,marker
External GSE263617 (20 ep),holdout_tonsil,CCR7,-0.0106852796921919,marker
External GSE263617 (20 ep),holdout_tonsil,CD14,0.1705176707592499,marker
External GSE263617 (20 ep),holdout_tonsil,CD163,0.1020201234494234,marker
External GSE263617 (20 ep),holdout_tonsil,CD19,0.2742026458258802,marker
External GSE263617 (20 ep),holdout_tonsil,CD27,0.1769801445617376,marker
External GSE263617 (20 ep),holdout_tonsil,CD274,0.3638197391594303,marker
External GSE263617 (20 ep),holdout_tonsil,CD3E,0.5693406861019354,marker
External GSE263617 (20 ep),holdout_tonsil,CD4,-0.1615676993272233,marker
External GSE263617 (20 ep),holdout_tonsil,CD40,0.2421393432456338,marker
External GSE263617 (20 ep),holdout_tonsil,CD68,0.1457036285353524,marker
External GSE263617 (20 ep),holdout_tonsil,CD8A,0.026388952373635,marker
External GSE263617 (20 ep),holdout_tonsil,CEACAM8,-0.3556870265083483,marker
External GSE263617 (20 ep),holdout_tonsil,CR2,-0.3166945888928484,marker
External GSE263617 (20 ep),holdout_tonsil,CXCR5,0.5586270838613585,marker
External GSE263617 (20 ep),holdout_tonsil,EPCAM,0.1881363912480617,marker
External GSE263617 (20 ep),holdout_tonsil,FCGR3A,-0.1120945597530022,marker
External GSE263617 (20 ep),holdout_tonsil,HLA_DRA,0.2905605524396718,marker
External GSE263617 (20 ep),holdout_tonsil,ITGAM,-0.0831115664329548,marker
External GSE263617 (20 ep),holdout_tonsil,ITGAX,0.0998080842031512,marker
External GSE263617 (20 ep),holdout_tonsil,KRT5,0.6696287366823314,marker
External GSE263617 (20 ep),holdout_tonsil,MS4A1,0.2032176082828243,marker
External GSE263617 (20 ep),holdout_tonsil,PAX5,0.362643025611202,marker
External GSE263617 (20 ep),holdout_tonsil,PCNA,0.1798415644220638,marker
External GSE263617 (20 ep),holdout_tonsil,PDCD1,0.4600038818819527,marker
External GSE263617 (20 ep),holdout_tonsil,PECAM1,0.5950570194796564,marker
External GSE263617 (20 ep),holdout_tonsil,PTPRC_1,0.0985490825879638,marker
External GSE263617 (20 ep),holdout_tonsil,PTPRC_2,0.3735220694295127,marker
External GSE263617 (20 ep),holdout_tonsil,SDC1,0.2172056062636,marker
External GSE263617 (20 ep),holdout_tonsil,VIM,0.7157816478993048,marker
External GSE263617 (20 ep),holdout_tonsil,mouse_IgG1k,0.1279170730278945,isotype
External GSE263617 (20 ep),holdout_tonsil,mouse_IgG2a,-0.0050533366521551,isotype
External GSE263617 (20 ep),holdout_tonsil,mouse_IgG2bk,0.0455782714344821,isotype
External GSE263617 (20 ep),holdout_tonsil,rat_IgG2a,0.0236620705439439,isotype
External GSE263617 (20 ep),holdout_breast_cancer,ACTA2,0.4893995337466592,marker
External GSE263617 (20 ep),holdout_breast_cancer,BCL2,-0.0604377909745205,marker
External GSE263617 (20 ep),holdout_breast_cancer,CCR7,0.0177912317415255,marker
External GSE263617 (20 ep),holdout_breast_cancer,CD14,0.2479844721788774,marker
External GSE263617 (20 ep),holdout_breast_cancer,CD163,0.1916284050364387,marker
External GSE263617 (20 ep),holdout_breast_cancer,CD19,0.0249930255184733,marker
External GSE263617 (20 ep),holdout_breast_cancer,CD27,-0.1058628906465846,marker
External GSE263617 (20 ep),holdout_breast_cancer,CD274,0.1846173492632879,marker
External GSE263617 (20 ep),holdout_breast_cancer,CD3E,-0.3276403123581982,marker
External GSE263617 (20 ep),holdout_breast_cancer,CD4,0.0880209400925252,marker
External GSE263617 (20 ep),holdout_breast_cancer,CD40,0.2111279002134637,marker
External GSE263617 (20 ep),holdout_breast_cancer,CD68,-0.5437310654533942,marker
External GSE263617 (20 ep),holdout_breast_cancer,CD8A,-0.1238165968742233,marker
External GSE263617 (20 ep),holdout_breast_cancer,CEACAM8,0.3435997532928834,marker
External GSE263617 (20 ep),holdout_breast_cancer,CR2,0.1971557882925236,marker
External GSE263617 (20 ep),holdout_breast_cancer,CXCR5,0.4013371898432242,marker
External GSE263617 (20 ep),holdout_breast_cancer,EPCAM,-0.0017691817716164,marker
External GSE263617 (20 ep),holdout_breast_cancer,FCGR3A,0.2922286973047699,marker
External GSE263617 (20 ep),holdout_breast_cancer,HLA_DRA,0.4222968681960596,marker
External GSE263617 (20 ep),holdout_breast_cancer,ITGAM,-0.0990949332673163,marker
External GSE263617 (20 ep),holdout_breast_cancer,ITGAX,-0.0240959542362654,marker
External GSE263617 (20 ep),holdout_breast_cancer,KRT5,0.0220951162324013,marker
External GSE263617 (20 ep),holdout_breast_cancer,MS4A1,0.1031841099045534,marker
External GSE263617 (20 ep),holdout_breast_cancer,PAX5,0.1013371691555279,marker
External GSE263617 (20 ep),holdout_breast_cancer,PCNA,-0.4815885761597772,marker
External GSE263617 (20 ep),holdout_breast_cancer,PDCD1,0.2141633845524578,marker
External GSE263617 (20 ep),holdout_breast_cancer,PECAM1,0.6130329164636896,marker
External GSE263617 (20 ep),holdout_breast_cancer,PTPRC_1,-0.113351878039482,marker
External GSE263617 (20 ep),holdout_breast_cancer,PTPRC_2,0.0526243230106732,marker
External GSE263617 (20 ep),holdout_breast_cancer,SDC1,-0.0819940316168183,marker
External GSE263617 (20 ep),holdout_breast_cancer,VIM,0.1686241816026484,marker
External GSE263617 (20 ep),holdout_breast_cancer,mouse_IgG1k,0.049332519610751,isotype
External GSE263617 (20 ep),holdout_breast_cancer,mouse_IgG2a,-0.0235830635850592,isotype
External GSE263617 (20 ep),holdout_breast_cancer,mouse_IgG2bk,0.03115152272719,isotype
External GSE263617 (20 ep),holdout_breast_cancer,rat_IgG2a,-0.1750273389019106,isotype
External GSE263617 (20 ep),holdout_breast_cancer,ACTA2,0.7609427875187901,marker
External GSE263617 (20 ep),holdout_breast_cancer,BCL2,0.3204007260873781,marker
External GSE263617 (20 ep),holdout_breast_cancer,CCR7,-0.1695530021291098,marker
External GSE263617 (20 ep),holdout_breast_cancer,CD14,0.2304192701792747,marker
External GSE263617 (20 ep),holdout_breast_cancer,CD163,0.0077760456912331,marker
External GSE263617 (20 ep),holdout_breast_cancer,CD19,-0.0157993596669929,marker
External GSE263617 (20 ep),holdout_breast_cancer,CD27,0.3523853433661862,marker
External GSE263617 (20 ep),holdout_breast_cancer,CD274,0.2589719314768111,marker
External GSE263617 (20 ep),holdout_breast_cancer,CD3E,0.7341406823047455,marker
External GSE263617 (20 ep),holdout_breast_cancer,CD4,-0.4325490075290741,marker
External GSE263617 (20 ep),holdout_breast_cancer,CD40,0.1363240522196796,marker
External GSE263617 (20 ep),holdout_breast_cancer,CD68,0.1824447957913045,marker
External GSE263617 (20 ep),holdout_breast_cancer,CD8A,0.75176273718944,marker
External GSE263617 (20 ep),holdout_breast_cancer,CEACAM8,0.2979324708563632,marker
External GSE263617 (20 ep),holdout_breast_cancer,CR2,-0.2705460906527504,marker
External GSE263617 (20 ep),holdout_breast_cancer,CXCR5,0.4835713781960794,marker
External GSE263617 (20 ep),holdout_breast_cancer,EPCAM,0.0547826807633284,marker
External GSE263617 (20 ep),holdout_breast_cancer,FCGR3A,-0.0770057323563777,marker
External GSE263617 (20 ep),holdout_breast_cancer,HLA_DRA,0.3375624002929915,marker
External GSE263617 (20 ep),holdout_breast_cancer,ITGAM,0.117766375460995,marker
External GSE263617 (20 ep),holdout_breast_cancer,ITGAX,-0.1004683744474493,marker
External GSE263617 (20 ep),holdout_breast_cancer,KRT5,0.7704696269094349,marker
External GSE263617 (20 ep),holdout_breast_cancer,MS4A1,0.1131144290424352,marker
External GSE263617 (20 ep),holdout_breast_cancer,PAX5,0.3827820247837042,marker
External GSE263617 (20 ep),holdout_breast_cancer,PCNA,0.3686111320020758,marker
External GSE263617 (20 ep),holdout_breast_cancer,PDCD1,-0.3442709089343825,marker
External GSE263617 (20 ep),holdout_breast_cancer,PECAM1,0.4402789074882348,marker
External GSE263617 (20 ep),holdout_breast_cancer,PTPRC_1,0.1273804412643556,marker
External GSE263617 (20 ep),holdout_breast_cancer,PTPRC_2,0.4019839756390475,marker
External GSE263617 (20 ep),holdout_breast_cancer,SDC1,-0.1134923876598821,marker
External GSE263617 (20 ep),holdout_breast_cancer,VIM,0.7167796199468077,marker
External GSE263617 (20 ep),holdout_breast_cancer,mouse_IgG1k,0.1775657204154514,isotype
External GSE263617 (20 ep),holdout_breast_cancer,mouse_IgG2a,-0.0100191575082101,isotype
External GSE263617 (20 ep),holdout_breast_cancer,mouse_IgG2bk,0.0177844488304817,isotype
External GSE263617 (20 ep),holdout_breast_cancer,rat_IgG2a,-0.1859761968020379,isotype
External GSE263617 (20 ep),holdout_breast_cancer,ACTA2,0.4128735114996798,marker
External GSE263617 (20 ep),holdout_breast_cancer,BCL2,-0.0300699417081864,marker
External GSE263617 (20 ep),holdout_breast_cancer,CCR7,0.1132472661635552,marker
External GSE263617 (20 ep),holdout_breast_cancer,CD14,0.0392390544840837,marker
External GSE263617 (20 ep),holdout_breast_cancer,CD163,0.1344164233096274,marker
External GSE263617 (20 ep),holdout_breast_cancer,CD19,0.0419280450757324,marker
External GSE263617 (20 ep),holdout_breast_cancer,CD27,-0.0985343435791885,marker
External GSE263617 (20 ep),holdout_breast_cancer,CD274,0.1273916382256921,marker
External GSE263617 (20 ep),holdout_breast_cancer,CD3E,-0.1532464615029999,marker
External GSE263617 (20 ep),holdout_breast_cancer,CD4,0.0804414861772181,marker
External GSE263617 (20 ep),holdout_breast_cancer,CD40,0.1102421734188298,marker
External GSE263617 (20 ep),holdout_breast_cancer,CD68,-0.4606948288959263,marker
External GSE263617 (20 ep),holdout_breast_cancer,CD8A,-0.0326210321295362,marker
External GSE263617 (20 ep),holdout_breast_cancer,CEACAM8,0.2035670420993532,marker
External GSE263617 (20 ep),holdout_breast_cancer,CR2,0.2089233520021378,marker
External GSE263617 (20 ep),holdout_breast_cancer,CXCR5,0.3775956666985481,marker
External GSE263617 (20 ep),holdout_breast_cancer,EPCAM,0.0246292027790086,marker
External GSE263617 (20 ep),holdout_breast_cancer,FCGR3A,0.2372677140521932,marker
External GSE263617 (20 ep),holdout_breast_cancer,HLA_DRA,0.3904651160119153,marker
External GSE263617 (20 ep),holdout_breast_cancer,ITGAM,0.092455133799278,marker
External GSE263617 (20 ep),holdout_breast_cancer,ITGAX,-0.0418944230197166,marker
External GSE263617 (20 ep),holdout_breast_cancer,KRT5,-0.0415394240535985,marker
External GSE263617 (20 ep),holdout_breast_cancer,MS4A1,0.1586563880753348,marker
External GSE263617 (20 ep),holdout_breast_cancer,PAX5,0.0563426845680768,marker
External GSE263617 (20 ep),holdout_breast_cancer,PCNA,-0.3710502828948471,marker
External GSE263617 (20 ep),holdout_breast_cancer,PDCD1,0.2000914323652346,marker
External GSE263617 (20 ep),holdout_breast_cancer,PECAM1,0.4793385916665361,marker
External GSE263617 (20 ep),holdout_breast_cancer,PTPRC_1,-0.1769843570715548,marker
External GSE263617 (20 ep),holdout_breast_cancer,PTPRC_2,0.1344490207157002,marker
External GSE263617 (20 ep),holdout_breast_cancer,SDC1,-0.0557209681168129,marker
External GSE263617 (20 ep),holdout_breast_cancer,VIM,0.0790767320142289,marker
External GSE263617 (20 ep),holdout_breast_cancer,mouse_IgG1k,0.0395421555964788,isotype
External GSE263617 (20 ep),holdout_breast_cancer,mouse_IgG2a,0.0440242569143127,isotype
External GSE263617 (20 ep),holdout_breast_cancer,mouse_IgG2bk,0.0586025520184126,isotype
External GSE263617 (20 ep),holdout_breast_cancer,rat_IgG2a,-0.1019989891797114,isotype
External GSE263617 (20 ep),holdout_breast_cancer,ACTA2,0.7961977814731462,marker
External GSE263617 (20 ep),holdout_breast_cancer,BCL2,0.2835405313088172,marker
External GSE263617 (20 ep),holdout_breast_cancer,CCR7,-0.200926278163055,marker
External GSE263617 (20 ep),holdout_breast_cancer,CD14,0.2671822498579437,marker
External GSE263617 (20 ep),holdout_breast_cancer,CD163,0.0625896412980713,marker
External GSE263617 (20 ep),holdout_breast_cancer,CD19,0.0039853175003289,marker
External GSE263617 (20 ep),holdout_breast_cancer,CD27,0.3911280694171565,marker
External GSE263617 (20 ep),holdout_breast_cancer,CD274,0.3263932066611595,marker
External GSE263617 (20 ep),holdout_breast_cancer,CD3E,0.705716943137382,marker
External GSE263617 (20 ep),holdout_breast_cancer,CD4,-0.4304013441262392,marker
External GSE263617 (20 ep),holdout_breast_cancer,CD40,-0.0215398888531724,marker
External GSE263617 (20 ep),holdout_breast_cancer,CD68,0.1724402117112536,marker
External GSE263617 (20 ep),holdout_breast_cancer,CD8A,0.7350427012094215,marker
External GSE263617 (20 ep),holdout_breast_cancer,CEACAM8,0.3103079065274065,marker
External GSE263617 (20 ep),holdout_breast_cancer,CR2,-0.3847995539574803,marker
External GSE263617 (20 ep),holdout_breast_cancer,CXCR5,0.4122793309567692,marker
External GSE263617 (20 ep),holdout_breast_cancer,EPCAM,-0.0485042674627889,marker
External GSE263617 (20 ep),holdout_breast_cancer,FCGR3A,-0.054018797876036,marker
External GSE263617 (20 ep),holdout_breast_cancer,HLA_DRA,0.3747137860913249,marker
External GSE263617 (20 ep),holdout_breast_cancer,ITGAM,0.1073049585461952,marker
External GSE263617 (20 ep),holdout_breast_cancer,ITGAX,-0.0810992000346827,marker
External GSE263617 (20 ep),holdout_breast_cancer,KRT5,0.8003850165212638,marker
External GSE263617 (20 ep),holdout_breast_cancer,MS4A1,0.0965585302192573,marker
External GSE263617 (20 ep),holdout_breast_cancer,PAX5,0.3920343188466743,marker
External GSE263617 (20 ep),holdout_breast_cancer,PCNA,0.3036909209230465,marker
External GSE263617 (20 ep),holdout_breast_cancer,PDCD1,-0.3028833532825511,marker
External GSE263617 (20 ep),holdout_breast_cancer,PECAM1,0.4653796767107848,marker
External GSE263617 (20 ep),holdout_breast_cancer,PTPRC_1,0.0884989294745233,marker
External GSE263617 (20 ep),holdout_breast_cancer,PTPRC_2,0.4621466193581703,marker
External GSE263617 (20 ep),holdout_breast_cancer,SDC1,-0.0842342647399284,marker
External GSE263617 (20 ep),holdout_breast_cancer,VIM,0.729592394970324,marker
External GSE263617 (20 ep),holdout_breast_cancer,mouse_IgG1k,0.3011985686645255,isotype
External GSE263617 (20 ep),holdout_breast_cancer,mouse_IgG2a,-0.0299611685565874,isotype
External GSE263617 (20 ep),holdout_breast_cancer,mouse_IgG2bk,0.0291024437269029,isotype
External GSE263617 (20 ep),holdout_breast_cancer,rat_IgG2a,-0.2529551111122399,isotype
Placenta A (signature assoc.),tropho,ACTA2,-0.1134725521400024,marker
Placenta A (signature assoc.),immune,ACTA2,0.1028758634412417,marker
Placenta A (signature assoc.),stroma,ACTA2,0.0407698419845754,marker
Placenta A (signature assoc.),endo,ACTA2,0.0234824624397798,marker
Placenta A (signature assoc.),tropho,BCL2,-0.110962521355937,marker
Placenta A (signature assoc.),immune,BCL2,0.1014488486991129,marker
Placenta A (signature assoc.),stroma,BCL2,0.0383251337177067,marker
Placenta A (signature assoc.),endo,BCL2,0.0194044265861815,marker
Placenta A (signature assoc.),tropho,CCR7,0.0218996162089254,marker
Placenta A (signature assoc.),immune,CCR7,-0.0520501141172125,marker
Placenta A (signature assoc.),stroma,CCR7,0.0726892549992592,marker
Placenta A (signature assoc.),endo,CCR7,-0.0853208261224743,marker
Placenta A (signature assoc.),tropho,CD14,-0.0956177473962774,marker
Placenta A (signature assoc.),immune,CD14,0.0061207683657131,marker
Placenta A (signature assoc.),stroma,CD14,-0.0060321722919379,marker
Placenta A (signature assoc.),endo,CD14,0.0482240100495726,marker
Placenta A (signature assoc.),tropho,CD163,-0.0813495524578215,marker
Placenta A (signature assoc.),immune,CD163,0.0681988668637828,marker
Placenta A (signature assoc.),stroma,CD163,-0.005558896599694,marker
Placenta A (signature assoc.),endo,CD163,0.0373766920122781,marker
Placenta A (signature assoc.),tropho,CD19,0.1012573365569991,marker
Placenta A (signature assoc.),immune,CD19,-0.1199765013021803,marker
Placenta A (signature assoc.),stroma,CD19,-0.069072536695,marker
Placenta A (signature assoc.),endo,CD19,-0.0016079768436449,marker
Placenta A (signature assoc.),tropho,CD27,-0.0850036562841761,marker
Placenta A (signature assoc.),immune,CD27,0.1071159910269999,marker
Placenta A (signature assoc.),stroma,CD27,0.0374401789730834,marker
Placenta A (signature assoc.),endo,CD27,0.0077021092833221,marker
Placenta A (signature assoc.),tropho,CD274,0.0992397712852464,marker
Placenta A (signature assoc.),immune,CD274,-0.0340531544625935,marker
Placenta A (signature assoc.),stroma,CD274,-0.0072418259191202,marker
Placenta A (signature assoc.),endo,CD274,-0.0325527293270394,marker
Placenta A (signature assoc.),tropho,CD3E,-0.12830150851821,marker
Placenta A (signature assoc.),immune,CD3E,0.0994619283571341,marker
Placenta A (signature assoc.),stroma,CD3E,0.0135170871291464,marker
Placenta A (signature assoc.),endo,CD3E,0.0422717964308,marker
Placenta A (signature assoc.),tropho,CD4,0.0674397282610326,marker
Placenta A (signature assoc.),immune,CD4,-0.0636821312606834,marker
Placenta A (signature assoc.),stroma,CD4,0.0006786850700396,marker
Placenta A (signature assoc.),endo,CD4,-0.0248367764191713,marker
Placenta A (signature assoc.),tropho,CD40,0.0732733433229386,marker
Placenta A (signature assoc.),immune,CD40,-0.1182584857280129,marker
Placenta A (signature assoc.),stroma,CD40,-0.03665091326411,marker
Placenta A (signature assoc.),endo,CD40,-0.027966828027724,marker
Placenta A (signature assoc.),tropho,CD68,0.0917959947583177,marker
Placenta A (signature assoc.),immune,CD68,-0.0477175077763327,marker
Placenta A (signature assoc.),stroma,CD68,0.0224816054785684,marker
Placenta A (signature assoc.),endo,CD68,-0.0574094899586304,marker
Placenta A (signature assoc.),tropho,CD8A,-0.1156702401430122,marker
Placenta A (signature assoc.),immune,CD8A,0.1316469202587331,marker
Placenta A (signature assoc.),stroma,CD8A,0.0443649941496967,marker
Placenta A (signature assoc.),endo,CD8A,0.0407621961928431,marker
Placenta A (signature assoc.),tropho,CEACAM8,0.1165558155599629,marker
Placenta A (signature assoc.),immune,CEACAM8,-0.0723634654839355,marker
Placenta A (signature assoc.),stroma,CEACAM8,-0.0233494403423982,marker
Placenta A (signature assoc.),endo,CEACAM8,-0.0194289402165781,marker
Placenta A (signature assoc.),tropho,CR2,0.1201820440757663,marker
Placenta A (signature assoc.),immune,CR2,-0.0838581823647547,marker
Placenta A (signature assoc.),stroma,CR2,0.0172670813991183,marker
Placenta A (signature assoc.),endo,CR2,-0.0474036249936166,marker
Placenta A (signature assoc.),tropho,CXCR5,0.1129005194462105,marker
Placenta A (signature assoc.),immune,CXCR5,-0.1052009004966037,marker
Placenta A (signature assoc.),stroma,CXCR5,-0.0398906800108707,marker
Placenta A (signature assoc.),endo,CXCR5,-0.0458499893396316,marker
Placenta A (signature assoc.),tropho,EPCAM,0.1145384677051778,marker
Placenta A (signature assoc.),immune,EPCAM,-0.0892214024641151,marker
Placenta A (signature assoc.),stroma,EPCAM,-0.0458007941779773,marker
Placenta A (signature assoc.),endo,EPCAM,-0.0297895211058556,marker
Placenta A (signature assoc.),tropho,FCGR3A,-0.0592529912062155,marker
Placenta A (signature assoc.),immune,FCGR3A,-0.0203675390221958,marker
Placenta A (signature assoc.),stroma,FCGR3A,-0.0483056518819751,marker
Placenta A (signature assoc.),endo,FCGR3A,0.037366856301593,marker
Placenta A (signature assoc.),tropho,HLA_DRA,0.1187642306866762,marker
Placenta A (signature assoc.),immune,HLA_DRA,-0.1110589530871715,marker
Placenta A (signature assoc.),stroma,HLA_DRA,-0.0524257713834529,marker
Placenta A (signature assoc.),endo,HLA_DRA,-0.0283611707657543,marker
Placenta A (signature assoc.),tropho,ITGAM,0.084035651600654,marker
Placenta A (signature assoc.),immune,ITGAM,-0.1137718958767422,marker
Placenta A (signature assoc.),stroma,ITGAM,-0.0210558645661051,marker
Placenta A (signature assoc.),endo,ITGAM,-0.051988975222155,marker
Placenta A (signature assoc.),tropho,ITGAX,-0.1286071938785347,marker
Placenta A (signature assoc.),immune,ITGAX,0.0926537888492957,marker
Placenta A (signature assoc.),stroma,ITGAX,0.037949952799759,marker
Placenta A (signature assoc.),endo,ITGAX,-4.833805985109938e-05,marker
Placenta A (signature assoc.),tropho,KRT5,0.1103164095860056,marker
Placenta A (signature assoc.),immune,KRT5,-0.1026863509152441,marker
Placenta A (signature assoc.),stroma,KRT5,-0.0445912834906558,marker
Placenta A (signature assoc.),endo,KRT5,-0.0296864157114861,marker
Placenta A (signature assoc.),tropho,MS4A1,0.1208876414298225,marker
Placenta A (signature assoc.),immune,MS4A1,-0.1280554493226745,marker
Placenta A (signature assoc.),stroma,MS4A1,-0.0416162928372758,marker
Placenta A (signature assoc.),endo,MS4A1,-0.039579432396816,marker
Placenta A (signature assoc.),tropho,PAX5,0.1184816390718952,marker
Placenta A (signature assoc.),immune,PAX5,-0.1096795414707582,marker
Placenta A (signature assoc.),stroma,PAX5,-0.03497419017289,marker
Placenta A (signature assoc.),endo,PAX5,-0.0232252969199713,marker
Placenta A (signature assoc.),tropho,PCNA,0.1111543273499641,marker
Placenta A (signature assoc.),immune,PCNA,-0.0976055920107047,marker
Placenta A (signature assoc.),stroma,PCNA,-0.0445809814902595,marker
Placenta A (signature assoc.),endo,PCNA,-0.0442598095016415,marker
Placenta A (signature assoc.),tropho,PDCD1,0.1388790920632565,marker
Placenta A (signature assoc.),immune,PDCD1,-0.1367777014809609,marker
Placenta A (signature assoc.),stroma,PDCD1,-0.0454615821975281,marker
Placenta A (signature assoc.),endo,PDCD1,-0.02638019218121,marker
Placenta A (signature assoc.),tropho,PECAM1,-0.0949462680787699,marker
Placenta A (signature assoc.),immune,PECAM1,0.1085782299103938,marker
Placenta A (signature assoc.),stroma,PECAM1,0.0056084051598518,marker
Placenta A (signature assoc.),endo,PECAM1,0.031269988406788,marker
Placenta A (signature assoc.),tropho,PTPRC_1,-0.1085085394881856,marker
Placenta A (signature assoc.),immune,PTPRC_1,0.0789092018460467,marker
Placenta A (signature assoc.),stroma,PTPRC_1,0.0409859795708136,marker
Placenta A (signature assoc.),endo,PTPRC_1,0.0418696625662088,marker
Placenta A (signature assoc.),tropho,PTPRC_2,-0.1019535963196046,marker
Placenta A (signature assoc.),immune,PTPRC_2,0.1269353151565817,marker
Placenta A (signature assoc.),stroma,PTPRC_2,0.0668147679353488,marker
Placenta A (signature assoc.),endo,PTPRC_2,0.0154873350189466,marker
Placenta A (signature assoc.),tropho,SDC1,0.081531110508128,marker
Placenta A (signature assoc.),immune,SDC1,-0.1153257298168334,marker
Placenta A (signature assoc.),stroma,SDC1,-0.0805487421869452,marker
Placenta A (signature assoc.),endo,SDC1,0.0116047267855635,marker
Placenta A (signature assoc.),tropho,VIM,-0.1021550152844102,marker
Placenta A (signature assoc.),immune,VIM,0.0869456916701282,marker
Placenta A (signature assoc.),stroma,VIM,0.0184025850761307,marker
Placenta A (signature assoc.),endo,VIM,0.0286255621708581,marker
Placenta A (signature assoc.),tropho,mouse_IgG1k,-0.1039996657748745,isotype
Placenta A (signature assoc.),immune,mouse_IgG1k,0.1215630771430917,isotype
Placenta A (signature assoc.),stroma,mouse_IgG1k,0.0801598877605569,isotype
Placenta A (signature assoc.),endo,mouse_IgG1k,0.0028117077329161,isotype
Placenta A (signature assoc.),tropho,mouse_IgG2a,-0.0161086183538832,isotype
Placenta A (signature assoc.),immune,mouse_IgG2a,-0.0099593555063861,isotype
Placenta A (signature assoc.),stroma,mouse_IgG2a,0.019605934941908,isotype
Placenta A (signature assoc.),endo,mouse_IgG2a,-0.0182176908453652,isotype
Placenta A (signature assoc.),tropho,mouse_IgG2bk,-0.0800729858960531,isotype
Placenta A (signature assoc.),immune,mouse_IgG2bk,0.1385940523493481,isotype
Placenta A (signature assoc.),stroma,mouse_IgG2bk,0.0678104807535811,isotype
Placenta A (signature assoc.),endo,mouse_IgG2bk,-0.0085608781099807,isotype
Placenta A (signature assoc.),tropho,rat_IgG2a,0.0427345592941853,isotype
Placenta A (signature assoc.),immune,rat_IgG2a,-0.0968790943181925,isotype
Placenta A (signature assoc.),stroma,rat_IgG2a,-0.0441043292737662,isotype
Placenta A (signature assoc.),endo,rat_IgG2a,-0.0044722526419953,isotype
Placenta B (signature assoc.),tropho,ACTA2,-0.276967331589643,marker
Placenta B (signature assoc.),immune,ACTA2,0.3586911135647693,marker
Placenta B (signature assoc.),stroma,ACTA2,0.0190527834677514,marker
Placenta B (signature assoc.),endo,ACTA2,0.0812963947557814,marker
Placenta B (signature assoc.),tropho,BCL2,-0.2937435768471713,marker
Placenta B (signature assoc.),immune,BCL2,0.3526801491987294,marker
Placenta B (signature assoc.),stroma,BCL2,0.0086203211709456,marker
Placenta B (signature assoc.),endo,BCL2,0.0855755481380119,marker
Placenta B (signature assoc.),tropho,CCR7,0.1004073631988393,marker
Placenta B (signature assoc.),immune,CCR7,-0.176623552806667,marker
Placenta B (signature assoc.),stroma,CCR7,0.0226350453127865,marker
Placenta B (signature assoc.),endo,CCR7,-0.0413035991376179,marker
Placenta B (signature assoc.),tropho,CD14,-0.2387415423307754,marker
Placenta B (signature assoc.),immune,CD14,0.2752317048743112,marker
Placenta B (signature assoc.),stroma,CD14,-0.0253915273685304,marker
Placenta B (signature assoc.),endo,CD14,0.0469396961218075,marker
Placenta B (signature assoc.),tropho,CD163,-0.2302673560230926,marker
Placenta B (signature assoc.),immune,CD163,0.2548464132120765,marker
Placenta B (signature assoc.),stroma,CD163,0.0190938705837783,marker
Placenta B (signature assoc.),endo,CD163,0.0842415971380497,marker
Placenta B (signature assoc.),tropho,CD19,0.2403089581268025,marker
Placenta B (signature assoc.),immune,CD19,-0.3079441684026944,marker
Placenta B (signature assoc.),stroma,CD19,-0.0253036532682374,marker
Placenta B (signature assoc.),endo,CD19,-0.0597907787304564,marker
Placenta B (signature assoc.),tropho,CD27,-0.2542648763426861,marker
Placenta B (signature assoc.),immune,CD27,0.3094793550534002,marker
Placenta B (signature assoc.),stroma,CD27,-0.0105119206183262,marker
Placenta B (signature assoc.),endo,CD27,0.071255328263629,marker
Placenta B (signature assoc.),tropho,CD274,0.280164192060283,marker
Placenta B (signature assoc.),immune,CD274,-0.328223626474927,marker
Placenta B (signature assoc.),stroma,CD274,-0.0276116979915526,marker
Placenta B (signature assoc.),endo,CD274,-0.0985062388396556,marker
Placenta B (signature assoc.),tropho,CD3E,-0.2838949810303614,marker
Placenta B (signature assoc.),immune,CD3E,0.3574133589625605,marker
Placenta B (signature assoc.),stroma,CD3E,0.0085360193629604,marker
Placenta B (signature assoc.),endo,CD3E,0.0825882231537817,marker
Placenta B (signature assoc.),tropho,CD4,0.2455408764411825,marker
Placenta B (signature assoc.),immune,CD4,-0.3214003721369452,marker
Placenta B (signature assoc.),stroma,CD4,-0.017951278951882,marker
Placenta B (signature assoc.),endo,CD4,-0.0794031477648857,marker
Placenta B (signature assoc.),tropho,CD40,0.2298465806187134,marker
Placenta B (signature assoc.),immune,CD40,-0.3174032376613592,marker
Placenta B (signature assoc.),stroma,CD40,0.0032696534782267,marker
Placenta B (signature assoc.),endo,CD40,-0.0516780633373787,marker
Placenta B (signature assoc.),tropho,CD68,0.2531745471216178,marker
Placenta B (signature assoc.),immune,CD68,-0.3401570812838368,marker
Placenta B (signature assoc.),stroma,CD68,-0.0032386582642032,marker
Placenta B (signature assoc.),endo,CD68,-0.0847700866583083,marker
Placenta B (signature assoc.),tropho,CD8A,-0.2661480118172558,marker
Placenta B (signature assoc.),immune,CD8A,0.345836939977789,marker
Placenta B (signature assoc.),stroma,CD8A,0.0107841921055493,marker
Placenta B (signature assoc.),endo,CD8A,0.0788795512296542,marker
Placenta B (signature assoc.),tropho,CEACAM8,0.2873354100414725,marker
Placenta B (signature assoc.),immune,CEACAM8,-0.3561382053798604,marker
Placenta B (signature assoc.),stroma,CEACAM8,-0.0289477855170084,marker
Placenta B (signature assoc.),endo,CEACAM8,-0.0897187470044099,marker
Placenta B (signature assoc.),tropho,CR2,0.2651193920868521,marker
Placenta B (signature assoc.),immune,CR2,-0.3420066861935342,marker
Placenta B (signature assoc.),stroma,CR2,-0.0040286703685767,marker
Placenta B (signature assoc.),endo,CR2,-0.0844737423568019,marker
Placenta B (signature assoc.),tropho,CXCR5,0.2380835747697025,marker
Placenta B (signature assoc.),immune,CXCR5,-0.3227381884212643,marker
Placenta B (signature assoc.),stroma,CXCR5,0.0097700347285148,marker
Placenta B (signature assoc.),endo,CXCR5,-0.0752267141352149,marker
Placenta B (signature assoc.),tropho,EPCAM,0.2593013012083345,marker
Placenta B (signature assoc.),immune,EPCAM,-0.3401997026012616,marker
Placenta B (signature assoc.),stroma,EPCAM,-0.0115895353546633,marker
Placenta B (signature assoc.),endo,EPCAM,-0.0823465443985633,marker
Placenta B (signature assoc.),tropho,FCGR3A,-0.1972769159168912,marker
Placenta B (signature assoc.),immune,FCGR3A,0.1533089421490952,marker
Placenta B (signature assoc.),stroma,FCGR3A,-0.0339324562875578,marker
Placenta B (signature assoc.),endo,FCGR3A,0.1279423487803434,marker
Placenta B (signature assoc.),tropho,HLA_DRA,0.2788264331532916,marker
Placenta B (signature assoc.),immune,HLA_DRA,-0.3588970793473494,marker
Placenta B (signature assoc.),stroma,HLA_DRA,-0.011192445303572,marker
Placenta B (signature assoc.),endo,HLA_DRA,-0.084055364573481,marker
Placenta B (signature assoc.),tropho,ITGAM,0.2515010233043836,marker
Placenta B (signature assoc.),immune,ITGAM,-0.3122934559067103,marker
Placenta B (signature assoc.),stroma,ITGAM,0.0001210076976179,marker
Placenta B (signature assoc.),endo,ITGAM,-0.0608493998312169,marker
Placenta B (signature assoc.),tropho,ITGAX,-0.2741820005294427,marker
Placenta B (signature assoc.),immune,ITGAX,0.3428651551868855,marker
Placenta B (signature assoc.),stroma,ITGAX,0.0088514342897922,marker
Placenta B (signature assoc.),endo,ITGAX,0.0697546258817994,marker
Placenta B (signature assoc.),tropho,KRT5,0.2855489491369882,marker
Placenta B (signature assoc.),immune,KRT5,-0.3622339399835985,marker
Placenta B (signature assoc.),stroma,KRT5,-0.0172508628083098,marker
Placenta B (signature assoc.),endo,KRT5,-0.0871318448728945,marker
Placenta B (signature assoc.),tropho,MS4A1,0.2701009938739253,marker
Placenta B (signature assoc.),immune,MS4A1,-0.3507129526825358,marker
Placenta B (signature assoc.),stroma,MS4A1,-0.0198863119487429,marker
Placenta B (signature assoc.),endo,MS4A1,-0.072104879792445,marker
Placenta B (signature assoc.),tropho,PAX5,0.2679850786026992,marker
Placenta B (signature assoc.),immune,PAX5,-0.3481506285270178,marker
Placenta B (signature assoc.),stroma,PAX5,0.0120807982341794,marker
Placenta B (signature assoc.),endo,PAX5,-0.0742478557555975,marker
Placenta B (signature assoc.),tropho,PCNA,0.280422004105502,marker
Placenta B (signature assoc.),immune,PCNA,-0.354895671966023,marker
Placenta B (signature assoc.),stroma,PCNA,-0.0084090197382679,marker
Placenta B (signature assoc.),endo,PCNA,-0.08119597962471,marker
Placenta B (signature assoc.),tropho,PDCD1,0.2685068974474782,marker
Placenta B (signature assoc.),immune,PDCD1,-0.3469504435088389,marker
Placenta B (signature assoc.),stroma,PDCD1,-0.0058132223802843,marker
Placenta B (signature assoc.),endo,PDCD1,-0.0849468616503338,marker
Placenta B (signature assoc.),tropho,PECAM1,-0.2269960187832803,marker
Placenta B (signature assoc.),immune,PECAM1,0.3071780648609024,marker
Placenta B (signature assoc.),stroma,PECAM1,-0.0123070619264759,marker
Placenta B (signature assoc.),endo,PECAM1,0.0596603850781527,marker
Placenta B (signature assoc.),tropho,PTPRC_1,-0.2465769158747526,marker
Placenta B (signature assoc.),immune,PTPRC_1,0.3299560057119475,marker
Placenta B (signature assoc.),stroma,PTPRC_1,-0.0120125294961905,marker
Placenta B (signature assoc.),endo,PTPRC_1,0.0668848237686002,marker
Placenta B (signature assoc.),tropho,PTPRC_2,-0.2762701109203314,marker
Placenta B (signature assoc.),immune,PTPRC_2,0.3593463286079525,marker
Placenta B (signature assoc.),stroma,PTPRC_2,0.0163951983211209,marker
Placenta B (signature assoc.),endo,PTPRC_2,0.0844465304782353,marker
Placenta B (signature assoc.),tropho,SDC1,0.2019752292662494,marker
Placenta B (signature assoc.),immune,SDC1,-0.2321120425688227,marker
Placenta B (signature assoc.),stroma,SDC1,0.0090486080127954,marker
Placenta B (signature assoc.),endo,SDC1,-0.0353839908718606,marker
Placenta B (signature assoc.),tropho,VIM,-0.2688135445365804,marker
Placenta B (signature assoc.),immune,VIM,0.3423039087401274,marker
Placenta B (signature assoc.),stroma,VIM,0.0077024942166465,marker
Placenta B (signature assoc.),endo,VIM,0.0842572867111382,marker
Placenta B (signature assoc.),tropho,mouse_IgG1k,-0.266143330715075,isotype
Placenta B (signature assoc.),immune,mouse_IgG1k,0.3527004530638746,isotype
Placenta B (signature assoc.),stroma,mouse_IgG1k,0.029096138508807,isotype
Placenta B (signature assoc.),endo,mouse_IgG1k,0.062820107949406,isotype
Placenta B (signature assoc.),tropho,mouse_IgG2a,-0.1227002991106684,isotype
Placenta B (signature assoc.),immune,mouse_IgG2a,0.149994747993494,isotype
Placenta B (signature assoc.),stroma,mouse_IgG2a,0.0223481373260357,isotype
Placenta B (signature assoc.),endo,mouse_IgG2a,0.0430273030048744,isotype
Placenta B (signature assoc.),tropho,mouse_IgG2bk,-0.2688057183957928,isotype
Placenta B (signature assoc.),immune,mouse_IgG2bk,0.3302725666452291,isotype
Placenta B (signature assoc.),stroma,mouse_IgG2bk,0.0201621612692844,isotype
Placenta B (signature assoc.),endo,mouse_IgG2bk,0.067914772719,isotype
Placenta B (signature assoc.),tropho,rat_IgG2a,0.2083399654023639,isotype
Placenta B (signature assoc.),immune,rat_IgG2a,-0.3090797014858769,isotype
Placenta B (signature assoc.),stroma,rat_IgG2a,-0.0048548521656962,isotype
Placenta B (signature assoc.),endo,rat_IgG2a,-0.0923749898753068,isotype
