section,protein,signature,n_genes,rho,p,rho_adj,p_adj,is_isotype
A,ACTA2,SCT,12,-0.34178909112126815,1.1683701354379008e-53,-0.38014848945877655,5.941830577216913e-67,False
A,BCL2,SCT,12,-0.3136881368806128,4.8746950605006613e-45,-0.3542560941241919,8.834551967064933e-58,False
A,CCR7,SCT,12,0.09483413403833188,3.1986324717158776e-05,0.12085686966297382,1.1110395780111577e-07,False
A,CD14,SCT,12,-0.07694471385807199,0.0007470159729833639,-0.09663954821939183,2.2513166147182173e-05,False
A,CD163,SCT,12,-0.2330216440468037,4.718613462554149e-25,-0.26041997075354845,4.352578711467181e-31,False
A,CD19,SCT,12,0.1999525874780056,9.71655024181594e-19,0.2437483323350197,2.510425033915519e-27,False
A,CD27,SCT,12,-0.2762614168652038,6.360434050834197e-35,-0.3177407141725943,3.1661104212321152e-46,False
A,CD274,SCT,12,0.39014912566574483,1.0028661835202812e-70,0.4186175810298744,3.320830390865528e-82,False
A,CD3E,SCT,12,-0.2966394417777925,3.045155022436736e-40,-0.33847626745757914,1.3536524421177415e-52,False
A,CD4,SCT,12,0.2564747661115256,3.580754394848982e-30,0.2907541081477414,1.1627429878950474e-38,False
A,CD40,SCT,12,0.23592068095876348,1.175792556243086e-25,0.2733786700527771,3.316606053712899e-34,False
A,CD68,SCT,12,0.2805198767156263,5.347231205509883e-36,0.3269490788997568,5.411078434252981e-49,False
A,CD8A,SCT,12,-0.24451330882605402,1.7109877832215292e-27,-0.29024752313104685,1.5845451996606513e-38,False
A,CEACAM8,SCT,12,0.3668573736791853,3.868639683684702e-62,0.39726779335891643,1.7174738620707064e-73,False
A,CR2,SCT,12,0.26476551445309854,4.09583087733769e-32,0.30488321263914825,1.601964172185853e-42,False
A,CXCR5,SCT,12,0.1862682962447144,1.9975809672634603e-16,0.23064281923942803,1.455118722020457e-24,False
A,EPCAM,SCT,12,0.2286968561549292,3.6216501411808725e-24,0.2622764407390469,1.5944434201447968e-31,False
A,FCGR3A,SCT,12,-0.10809312040410123,2.100376293294509e-06,-0.12459435212985769,4.4256985324839136e-08,False
A,HLA_DRA,SCT,12,0.3220795097582691,1.6169288678610073e-47,0.3630425614573702,8.469342366667608e-61,False
A,ITGAM,SCT,12,0.15410551947707582,1.1734299712554991e-11,0.19931227831566442,1.2577470503116814e-18,False
A,ITGAX,SCT,12,-0.2914658249956818,7.519122479248072e-39,-0.3284878361578405,1.825598887267136e-49,False
A,KRT5,SCT,12,0.3664261923074735,5.494937323156855e-62,0.40075256374884344,7.173544348510125e-75,False
A,MS4A1,SCT,12,0.26744137746877544,9.347750356950697e-33,0.31291918431372845,8.150303278632694e-45,False
A,PAX5,SCT,12,0.2647929219347881,4.0346630990478995e-32,0.3067584054760863,4.7409640043067066e-43,False
A,PCNA,SCT,12,0.2797409633591819,8.438069423854577e-36,0.31818028938600623,2.3475622007349466e-46,False
A,PDCD1,SCT,12,0.22937205312619777,2.6419070670458936e-24,0.27204923687997995,7.055653630436927e-34,False
A,PECAM1,SCT,12,-0.13811031521972353,1.2621948317339209e-09,-0.17957386783309975,2.342260683070515e-15,False
A,PTPRC_1,SCT,12,-0.2611457591697825,2.942088621623061e-31,-0.2952033664318847,7.465274103743638e-40,False
A,PTPRC_2,SCT,12,-0.3230710052769583,8.137302806046703e-48,-0.36438894595219806,2.8634575707769133e-61,False
A,SDC1,SCT,12,0.14161777090032168,4.72735596960345e-10,0.18059580438197204,1.6182922667934497e-15,False
A,VIM,SCT,12,-0.2854234200760186,2.9257765426673448e-37,-0.32208482111426484,1.6110032308210107e-47,False
A,mouse_IgG1k,SCT,12,-0.33264223604845283,9.413211925927285e-51,-0.37693346848921705,9.100032359198299e-66,True
A,mouse_IgG2a,SCT,12,-0.21463374890642134,2.054052933113426e-21,-0.22077514918168387,1.3593265169448382e-22,True
A,mouse_IgG2bk,SCT,12,-0.2468032749127856,5.387161656301073e-28,-0.2839903083646052,6.881280041056031e-37,True
A,rat_IgG2a,SCT,12,0.22215936518914303,7.287145881053281e-23,0.24807422914674304,2.8220210876128966e-28,True
A,ACTA2,VCT,5,-0.09799051966863245,1.724067746477593e-05,-0.07644949117011814,0.0008082590895534583,False
A,BCL2,VCT,5,-0.14424528508601456,2.2291812478472062e-10,-0.09638830270295458,2.3649533898329647e-05,False
A,CCR7,VCT,5,0.1863775305169275,1.917437530180466e-16,0.09729296575574167,1.9795905571370582e-05,False
A,CD14,VCT,5,-0.15812896176647923,3.336175232040276e-12,-0.10455822031441078,4.485340352481078e-06,False
A,CD163,VCT,5,-0.1336531462871577,4.244638389129107e-09,-0.06268243291186594,0.006044274696770058,False
A,CD19,VCT,5,-0.01563079219031061,0.49399594028584753,0.041642111589221674,0.06832743391141115,False
A,CD27,VCT,5,-0.06122071103866824,0.007335265213819231,-0.0694426295198042,0.0023490641831541872,False
A,CD274,VCT,5,0.19383012314622777,1.1057802509392618e-17,0.11218053601279719,8.478900239497e-07,False
A,CD3E,VCT,5,-0.16082302881522326,1.4110478405032867e-12,-0.10562154086800553,3.579071151884536e-06,False
A,CD4,VCT,5,0.1349779558613194,2.9721202197833986e-09,0.08041257896649724,0.00042482695312336165,False
A,CD40,VCT,5,0.07328817779282797,0.0013225415751633334,0.07162040310062798,0.001702321424818659,False
A,CD68,VCT,5,0.2190303283703322,2.9649685535022975e-22,0.11050766963235725,1.2338417024416676e-06,False
A,CD8A,VCT,5,-0.1007214825752761,9.947655951454122e-06,-0.1189253850430339,1.7688410220633565e-07,False
A,CEACAM8,VCT,5,0.153052022608513,1.6222875283985462e-11,0.10210326283706153,7.4909756225241955e-06,False
A,CR2,VCT,5,0.20258405460497456,3.3334501666802327e-19,0.1372427582078806,1.603193053302921e-09,False
A,CXCR5,VCT,5,0.10028418030113878,1.0873698846164793e-05,0.0895492449261973,8.632816377337959e-05,False
A,EPCAM,VCT,5,0.09417181664291219,3.632876307961208e-05,0.08186763834980351,0.0003330418467759674,False
A,FCGR3A,VCT,5,-0.11284985380356853,7.286183043647948e-07,-0.018787369310292335,0.4110120707147206,False
A,HLA_DRA,VCT,5,0.11479047191031114,4.6718211032111094e-07,0.10222123137132572,7.310528716859492e-06,False
A,ITGAM,VCT,5,0.09370438201783425,3.972404646478096e-05,0.11414773179956893,5.417044913748306e-07,False
A,ITGAX,VCT,5,-0.08405007512103455,0.00022948386563216447,-0.08018633506011211,0.00044105904688791656,False
A,KRT5,VCT,5,0.1360716967280194,2.208780005915001e-09,0.10309895014175065,6.092539513598651e-06,False
A,MS4A1,VCT,5,0.06816525271089445,0.002826117989128831,0.08404872162468656,0.00022953750466071736,False
A,PAX5,VCT,5,0.0979709916506149,1.730772757899665e-05,0.08164602341593825,0.00034570785603233904,False
A,PCNA,VCT,5,0.1635853811744379,5.750422883338012e-13,0.11967346192181523,1.4785699839684057e-07,False
A,PDCD1,VCT,5,0.07831413630523963,0.0005993534848692582,0.08231547674932889,0.0003087595936855562,False
A,PECAM1,VCT,5,-0.12166895637731445,9.117510354007248e-08,-0.12528751301007984,3.7200031600256035e-08,False
A,PTPRC_1,VCT,5,-0.07271393689635204,0.0014434629807808972,-0.056577926215805714,0.013228719468584914,False
A,PTPRC_2,VCT,5,-0.07887686195939055,0.0005469477392271895,-0.09084911065988972,6.795276929351016e-05,False
A,SDC1,VCT,5,-0.015692938155403447,0.49228011790213805,0.03923391141865583,0.08591688243681384,False
A,VIM,VCT,5,-0.13824595191549155,1.215710326685317e-09,-0.08273519467310665,0.0002875148852512216,False
A,mouse_IgG1k,VCT,5,-0.041795258190997255,0.06731711124617869,-0.0900608941590498,7.859622861074321e-05,True
A,mouse_IgG2a,VCT,5,-0.033781332115059945,0.13926753100028325,-0.037017430769918515,0.10517794041114831,True
A,mouse_IgG2bk,VCT,5,-0.01645458476441676,0.47151323152713925,-0.04266681705816547,0.06179872151543086,True
A,rat_IgG2a,VCT,5,-0.006766426843139529,0.7671778468607673,0.010986141907695349,0.6307203835797602,True
A,ACTA2,EVT,6,-0.21749519021878705,5.856174220877751e-22,-0.2656185138695267,2.562133157234051e-32,False
A,BCL2,EVT,6,-0.23833410923271478,3.64478817537526e-26,-0.2911040782728055,9.385547000611145e-39,False
A,CCR7,EVT,6,0.08296466644940988,0.00027648633777676245,0.045016725492451094,0.048757526389303155,False
A,CD14,EVT,6,-0.006659726841997463,0.7707457340022794,-0.008474391117348176,0.7107837862804945,False
A,CD163,EVT,6,-0.21276246318830447,4.6219508217380085e-21,-0.2323643135197568,6.449269192024767e-25,False
A,CD19,EVT,6,0.10988026846258672,1.4182727039867036e-06,0.1777380391935542,4.5261608824796454e-15,False
A,CD27,EVT,6,-0.12063782689230851,1.1716319858515887e-07,-0.16542019920116552,3.14064214479842e-13,False
A,CD274,EVT,6,0.29019755660302304,1.6336093970481975e-38,0.30948624412718784,7.937901072004373e-44,False
A,CD3E,EVT,6,-0.1812156150444969,1.2918278503806289e-15,-0.2165943614597826,8.710168685893508e-22,False
A,CD4,EVT,6,0.09743763750065838,1.9237999676380662e-05,0.10877144044404587,1.8108477993806225e-06,False
A,CD40,EVT,6,0.15714196092050373,4.555736204715468e-12,0.19776980468320654,2.333622332501045e-18,False
A,CD68,EVT,6,0.20633360349952287,7.07479224272439e-20,0.22734292875166495,6.796322694252925e-24,False
A,CD8A,EVT,6,-0.08810692614394566,0.00011217182523434549,-0.13669561727700558,1.862746318089708e-09,False
A,CEACAM8,EVT,6,0.27129037871639705,1.0835610627259761e-33,0.3070883547297058,3.823163177516629e-43,False
A,CR2,EVT,6,0.13976774088865504,7.959862445941879e-10,0.1498938324343867,4.226794023907008e-11,False
A,CXCR5,EVT,6,0.11301971614838212,7.010216970052659e-07,0.15427853805126926,1.1124011489248841e-11,False
A,EPCAM,EVT,6,0.1600325765527751,1.819086796352971e-12,0.20123822930016466,5.771924819541524e-19,False
A,FCGR3A,EVT,6,-0.16633010009628416,2.3208289231466196e-13,-0.14690724507827385,1.0263305337371946e-10,False
A,HLA_DRA,EVT,6,0.19875974661432788,1.5703774634129593e-18,0.24816613011320762,2.6927354670865256e-28,False
A,ITGAM,EVT,6,0.020169710970313,0.37744405476438914,0.06891709301960525,0.0025356250693323937,False
A,ITGAX,EVT,6,-0.16337199801226393,6.166727988051583e-13,-0.2110896983598102,9.481406608403113e-21,False
A,KRT5,EVT,6,0.2492062312091589,1.581633677296285e-28,0.2914712447759402,7.494167827862037e-39,False
A,MS4A1,EVT,6,0.1468783965377406,1.0350727989352198e-10,0.20103265523646338,6.274683705466491e-19,False
A,PAX5,EVT,6,0.15559381375890413,7.39724245186217e-12,0.20102009696671455,6.306760328865784e-19,False
A,PCNA,EVT,6,0.19639967769661995,4.023713961207325e-18,0.2367658750685891,7.813484129714141e-26,False
A,PDCD1,EVT,6,0.1321587263022198,6.318667670872337e-09,0.17691729558206895,6.062479024745756e-15,False
A,PECAM1,EVT,6,0.0365367598522593,0.10977619650257248,0.012591197199950941,0.5816681713647425,False
A,PTPRC_1,EVT,6,-0.18722082284619654,1.3965873689166399e-16,-0.23063130295550394,1.4630285688983898e-24,False
A,PTPRC_2,EVT,6,-0.22118396799740248,1.131215798893293e-22,-0.2751221848636338,1.2244858910769892e-34,False
A,SDC1,EVT,6,0.09579661776550162,2.6544983637105868e-05,0.1560878240284686,6.3405238017666755e-12,False
A,VIM,EVT,6,-0.2008026288045673,6.888596906142402e-19,-0.23989582855198718,1.69620645806247e-26,False
A,mouse_IgG1k,EVT,6,-0.22066274175426562,1.4296554047379774e-22,-0.28314379180237964,1.1377441331759776e-36,True
A,mouse_IgG2a,EVT,6,-0.1247994963957249,4.204340653567797e-08,-0.13844551528599086,1.1503352613581952e-09,True
A,mouse_IgG2bk,EVT,6,-0.2566830561178914,3.206624366990899e-30,-0.31952924532490906,9.345286814780016e-47,True
A,rat_IgG2a,EVT,6,0.11726769280200143,2.6212814329814344e-07,0.15117920562397696,2.869461044581662e-11,True
A,ACTA2,HBC,8,0.21202429950834772,6.351148327852248e-21,0.3045312773944987,2.0112380445729336e-42,False
A,BCL2,HBC,8,0.20053908032027598,7.665086284318606e-19,0.3287406627453055,1.5262017352569373e-49,False
A,CCR7,HBC,8,0.04611134415298547,0.04352094215601901,-0.1208976719839383,1.100092553063794e-07,False
A,CD14,HBC,8,0.09229071446470583,5.191826455117396e-05,0.22565864751614456,1.4786808913110128e-23,False
A,CD163,HBC,8,0.09786463260063188,1.7677295486379512e-05,0.26933542628532664,3.251574339762122e-33,False
A,CD19,HBC,8,-0.2905636547898694,1.3063279722678775e-38,-0.27461681489323353,1.635731411521259e-34,False
A,CD27,HBC,8,0.1897147301253141,5.422228634239108e-17,0.23028899987170398,1.718597734485012e-24,False
A,CD274,HBC,8,-0.11351291144873034,6.26479665827084e-07,-0.2999965493074591,3.668602482298426e-41,False
A,CD3E,HBC,8,0.16858533268483755,1.0885427264073827e-13,0.3126898820692244,9.49756006098902e-45,False
A,CD4,HBC,8,-0.09662410657382774,2.2581483049221038e-05,-0.22409643441623106,3.023897004042682e-23,False
A,CD40,HBC,8,-0.22487784011556772,2.1157018075731183e-23,-0.2788368205380506,1.4302434989999653e-35,False
A,CD68,HBC,8,-0.044876822848818505,0.04946342954380465,-0.2801078495427386,6.807790613608587e-36,False
A,CD8A,HBC,8,0.26571267411940497,2.4325719182500077e-32,0.30856305547115104,1.456485792731287e-43,False
A,CEACAM8,HBC,8,-0.17380243724570812,1.8147382771406157e-14,-0.3067350959070774,4.8135283650695676e-43,False
A,CR2,HBC,8,-0.11260953267952195,7.694547465596366e-07,-0.26841325914106956,5.44305841044167e-33,False
A,CXCR5,HBC,8,-0.18993852801420774,4.977681615199116e-17,-0.26977109138956973,2.5473081410846325e-33,False
A,EPCAM,HBC,8,-0.23411998911204435,2.793439181560354e-25,-0.31110429329642014,2.725311129587764e-44,False
A,FCGR3A,HBC,8,-0.05647186411922709,0.013402166592729699,0.12761027248944673,2.0643205298706792e-08,False
A,HLA_DRA,HBC,8,-0.24878938553516272,1.9581655330586912e-28,-0.3325211374336879,1.0269660768111281e-50,False
A,ITGAM,HBC,8,-0.2379009904805248,4.501706146073522e-26,-0.2690515250502224,3.811283131350282e-33,False
A,ITGAX,HBC,8,0.24636907846565545,6.713077838846714e-28,0.3165958117097598,6.884290430675719e-46,False
A,KRT5,HBC,8,-0.2116163486051681,7.566814099608358e-21,-0.32088270877675695,3.6911345445724855e-47,False
A,MS4A1,HBC,8,-0.26471745844761213,4.2053108851581614e-32,-0.30979873224125676,6.46049560451492e-44,False
A,PAX5,HBC,8,-0.21332781300661688,3.6204640243753024e-21,-0.29875824334904866,8.034332968176385e-41,False
A,PCNA,HBC,8,-0.2020691578425139,4.1144550427893636e-19,-0.32886245880761156,1.3999405564786015e-49,False
A,PDCD1,HBC,8,-0.2588294993678985,1.0223708910322089e-30,-0.3176544317681328,3.357374114893187e-46,False
A,PECAM1,HBC,8,0.17967609748403404,2.257429932171912e-15,0.21948016061029207,2.4264910818158456e-22,False
A,PTPRC_1,HBC,8,0.19937909210162985,1.2243789196858348e-18,0.2838983401865678,7.268267506737769e-37,False
A,PTPRC_2,HBC,8,0.27886944406938025,1.4033177957747806e-35,0.331816703193016,1.702973206577797e-50,False
A,SDC1,HBC,8,-0.2332160707733232,4.301276527115057e-25,-0.2084943983535594,2.856258012864912e-20,False
A,VIM,HBC,8,0.14090068241753778,5.790021362457902e-10,0.28193852772329053,2.320917713461064e-36,False
A,mouse_IgG1k,HBC,8,0.3150444489649391,1.9615392141720866e-45,0.3208654576562148,3.735210417575056e-47,True
A,mouse_IgG2a,HBC,8,0.020636361187754217,0.3665045856226477,0.028063247353562675,0.21939093718534067,True
A,mouse_IgG2bk,HBC,8,0.292426383006521,4.166747530761663e-39,0.3122274549452491,1.2924611945810192e-44,True
A,rat_IgG2a,HBC,8,-0.14886354698963766,5.7517286159656595e-11,-0.16349694857465752,5.919496120640525e-13,True
A,ACTA2,Endo,6,0.20654857936493037,6.467245048774565e-20,0.28527786199368493,3.192020169609653e-37,False
A,BCL2,Endo,6,0.1543747285236517,1.0798272611875939e-11,0.26798232639871244,6.9199308513398e-33,False
A,CCR7,Endo,6,0.0817729965069691,0.00033839690737372583,-0.05900460134736869,0.009766241162987327,False
A,CD14,Endo,6,0.019821065757668413,0.38574701212851314,0.1300526565986868,1.0987204760429261e-08,False
A,CD163,Endo,6,0.047702650423830054,0.03676010877742765,0.19110157491278726,3.18581610349262e-17,False
A,CD19,Endo,6,-0.2750599680182436,1.2689672671430264e-34,-0.2626145663847478,1.3267711970791463e-31,False
A,CD27,Endo,6,0.20948207492590284,1.8805418451894854e-20,0.23978077724119684,1.7948701602823386e-26,False
A,CD274,Endo,6,-0.07250546587933965,0.0014898248221216581,-0.23534573518781773,1.551197502757009e-25,False
A,CD3E,Endo,6,0.14357233554289692,2.706014118546402e-10,0.2710071781443782,1.2712546406002564e-33,False
A,CD4,Endo,6,-0.11120407167941264,1.0561386197460723e-06,-0.22303653482106628,4.898071087622884e-23,False
A,CD40,Endo,6,-0.19945384392314952,1.1880811111364888e-18,-0.24847442126567368,2.3004380228304003e-28,False
A,CD68,Endo,6,-0.041646696512387144,0.0682970068742286,-0.2524593423657665,2.9468736001662057e-29,False
A,CD8A,Endo,6,0.21428163463725525,2.394085800376533e-21,0.2477424210071445,3.34213264437915e-28,False
A,CEACAM8,Endo,6,-0.15497533046997547,8.965613099504278e-12,-0.2753399399185512,1.0806493167341894e-34,False
A,CR2,Endo,6,-0.07442278802148358,0.0011106235128524572,-0.21348424150751227,3.3834867591194884e-21,False
A,CXCR5,Endo,6,-0.19097985299562847,3.338583011743434e-17,-0.25596853624565374,4.680291274307101e-30,False
A,EPCAM,Endo,6,-0.18134029798640788,1.2344637230584246e-15,-0.24407498269727793,2.1316763777219324e-27,False
A,FCGR3A,Endo,6,-0.045998161812220245,0.04403941529021968,0.11759320071875973,2.4274626539914403e-07,False
A,HLA_DRA,Endo,6,-0.2174667429550318,5.930214460748869e-22,-0.2882511060181565,5.333060853479953e-38,False
A,ITGAM,Endo,6,-0.2120635621980998,6.244872852604065e-21,-0.2343281711833108,2.528441092253596e-25,False
A,ITGAX,Endo,6,0.19265816094238677,1.7453940001332113e-17,0.2555530418810209,5.828181416440888e-30,False
A,KRT5,Endo,6,-0.1869583589220211,1.5416310296791234e-16,-0.28215470654158026,2.042863260484504e-36,False
A,MS4A1,Endo,6,-0.24162341460623224,7.231196651983852e-27,-0.27680891264203816,4.6376173995292114e-35,False
A,PAX5,Endo,6,-0.20192058744621286,4.371642611146914e-19,-0.27644619537842596,5.71767977618313e-35,False
A,PCNA,Endo,6,-0.15887806476630625,2.6301468102774136e-12,-0.26941925232341773,3.1024955036674784e-33,False
A,PDCD1,Endo,6,-0.18491769081527948,3.307365804444812e-16,-0.2305435419368307,1.5247209377589058e-24,False
A,PECAM1,Endo,6,0.1497514318824939,4.4112087008079984e-11,0.18223141074652155,8.91422211123236e-16,False
A,PTPRC_1,Endo,6,0.18822423773852776,9.559422652572334e-17,0.26796810476408683,6.974920194130653e-33,False
A,PTPRC_2,Endo,6,0.24301547385191302,3.620046794762352e-27,0.28428615891346665,5.769923932358185e-37,False
A,SDC1,Endo,6,-0.24861943184512197,2.1360552535329326e-28,-0.21936492830663284,2.554431364209224e-22,False
A,VIM,Endo,6,0.1284085732506644,1.6819552073667495e-08,0.25724094328941033,2.384873438010045e-30,False
A,mouse_IgG1k,Endo,6,0.2615686006332574,2.3405316546727663e-31,0.2621635767006363,1.6952128553373667e-31,True
A,mouse_IgG2a,Endo,6,0.10968790839337589,1.4799372623728119e-06,0.13168679975124128,7.1580158626184785e-09,True
A,mouse_IgG2bk,Endo,6,0.2332349835199551,4.262685699635081e-25,0.24184606894717428,6.47553217695649e-27,True
A,rat_IgG2a,Endo,6,-0.1899495652660625,4.956712510286048e-17,-0.2017200470891801,4.744117662551465e-19,True
A,ACTA2,Fibro,5,0.5082637170472097,1.904119955679065e-126,0.5505149459102461,2.371899665552082e-152,False
A,BCL2,Fibro,5,0.48919300964490764,6.715680774515818e-116,0.5672221417770908,1.1690926031764892e-163,False
A,CCR7,Fibro,5,-0.11646079656689323,3.168311564338558e-07,-0.23440718832464344,2.434512979058191e-25,False
A,CD14,Fibro,5,0.2412740410170805,8.59661475217528e-27,0.31365831072159867,4.972998141624721e-45,False
A,CD163,Fibro,5,0.2937601924407161,1.8287859136326825e-39,0.40164276476751487,3.16785480433056e-75,False
A,CD19,Fibro,5,-0.5263650264321429,4.2584407499279176e-137,-0.47399954016036505,5.816571285898643e-108,False
A,CD27,Fibro,5,0.47241478235824813,3.713295465462896e-107,0.47553765012492716,9.532531077549113e-109,False
A,CD274,Fibro,5,-0.3508921977005531,1.1931761342413817e-56,-0.48574118935706184,4.631904751900844e-114,False
A,CD3E,Fibro,5,0.4639976819467197,5.963048822385247e-103,0.5529168706462828,6.149156117237321e-154,False
A,CD4,Fibro,5,-0.3056460851205006,9.772323046103676e-43,-0.37843054273745913,2.563614276792337e-66,False
A,CD40,Fibro,5,-0.4932740388804949,4.225619975510719e-118,-0.5117022944154711,2.0215547226437177e-128,False
A,CD68,Fibro,5,-0.33636159934464166,6.366072038016587e-52,-0.5238503409744832,1.4048913935684942e-135,False
A,CD8A,Fibro,5,0.5413199716578458,2.1370982430599082e-146,0.5363104739508461,3.1411166121158213e-143,False
A,CEACAM8,Fibro,5,-0.43885838113589265,4.536427314488766e-91,-0.5252889497536047,1.9079244749422354e-136,False
A,CR2,Fibro,5,-0.3928962499811959,8.744838958474675e-72,-0.4989985676290485,3.0725329942204203e-121,False
A,CXCR5,Fibro,5,-0.47308307930273574,1.7012439414429218e-107,-0.4969595432465737,4.0946424210954754e-120,False
A,EPCAM,Fibro,5,-0.44344129632362184,3.6683236952877307e-93,-0.46283965099967933,2.2127571486652424e-102,False
A,FCGR3A,Fibro,5,0.09553665794812691,2.7920925261833904e-05,0.22666213245986827,9.312433882446322e-24,False
A,HLA_DRA,Fibro,5,-0.5495174801836147,1.0716571122906809e-151,-0.581232699402466,1.184109862911165e-173,False
A,ITGAM,Fibro,5,-0.4701743236206405,5.02056124441851e-106,-0.4532400474338922,9.593034321662461e-98,False
A,ITGAX,Fibro,5,0.5114492246491394,2.8296931104891806e-128,0.5361015050236719,4.246664238764087e-143,False
A,KRT5,Fibro,5,-0.5049936371789142,1.3680990881381447e-124,-0.5650366127645771,3.836308367914172e-162,False
A,MS4A1,Fibro,5,-0.5482464854330953,7.268093783777964e-151,-0.543573922513125,7.71301559297372e-148,False
A,PAX5,Fibro,5,-0.5102177703661317,1.4477436369013226e-127,-0.5446851381794852,1.4858026333042089e-148,False
A,PCNA,Fibro,5,-0.49473508115017156,6.7695501227116e-119,-0.5689328821719213,7.467637203906534e-165,False
A,PDCD1,Fibro,5,-0.4959369815827376,1.490714082495027e-119,-0.5048927670468685,1.5597710106784743e-124,False
A,PECAM1,Fibro,5,0.42294865508164037,4.731599244551027e-84,0.42625026124203297,1.7755485446606626e-85,False
A,PTPRC_1,Fibro,5,0.4646166301291043,2.9525521023314106e-103,0.4998581963106086,1.025743349613731e-121,False
A,PTPRC_2,Fibro,5,0.5706609402881686,4.5632743418764654e-166,0.5744052489257941,1.0095320833081964e-168,False
A,SDC1,Fibro,5,-0.4676282368485939,9.458961190285872e-105,-0.4072540322021375,1.730471450911777e-77,False
A,VIM,Fibro,5,0.44510630653910827,6.256781226602594e-94,0.53710812209907,9.916059933806337e-144,False
A,mouse_IgG1k,Fibro,5,0.5730658015709592,9.07576584932407e-168,0.5403519968455874,8.830813664096652e-146,True
A,mouse_IgG2a,Fibro,5,0.15357617266332227,1.3812142950911143e-11,0.16175043253316998,1.0457154505797142e-12,True
A,mouse_IgG2bk,Fibro,5,0.5169070867075607,1.880850666426785e-131,0.48807826674823596,2.649613426854061e-115,True
A,rat_IgG2a,Fibro,5,-0.37079546419808523,1.5302656087410778e-63,-0.352220235445371,4.285763641214727e-57,True
B,ACTA2,SCT,12,-0.41209430120403284,5.5054989423193044e-58,-0.4329570719265892,1.8359452764469415e-64,False
B,BCL2,SCT,12,-0.4088526080205031,5.0903823254172865e-57,-0.42139610855081194,8.115495627608208e-61,False
B,CCR7,SCT,12,0.15627757795150465,4.889321351917536e-09,0.17257961639611752,9.794013404713384e-11,False
B,CD14,SCT,12,-0.23481610227758087,7.89974701238361e-19,-0.21506900494369563,5.61407313317394e-16,False
B,CD163,SCT,12,-0.4403585134430097,7.153826553873555e-67,-0.45789673634274286,7.975922436873116e-73,False
B,CD19,SCT,12,0.2736816837523321,2.9869418802867735e-25,0.29858009190489265,5.886571750987165e-30,False
B,CD27,SCT,12,-0.33644586320348013,4.704426225802796e-38,-0.3232343575120992,4.2752606868479083e-35,False
B,CD274,SCT,12,0.48469986399404147,1.2768981517673412e-82,0.5124236134315319,1.0328601726838983e-93,False
B,CD3E,SCT,12,-0.38169556938840093,2.4592269757162393e-49,-0.393366815389758,1.500882754066092e-52,False
B,CD4,SCT,12,0.37816087892105876,2.1819251860482702e-48,0.38831465383287683,3.835095112106103e-51,False
B,CD40,SCT,12,0.2927370419926065,8.259833495537924e-29,0.29724911526594094,1.080205812295293e-29,False
B,CD68,SCT,12,0.3904520596968728,9.802520019390299e-52,0.3851670818441304,2.807083555151138e-50,False
B,CD8A,SCT,12,-0.3548472354747106,2.0152366331742557e-42,-0.355075352796057,1.7714288095573545e-42,False
B,CEACAM8,SCT,12,0.4690607529564406,8.460196363286003e-77,0.503356467186931,5.6855296311630915e-90,False
B,CR2,SCT,12,0.3860992374737116,1.5603534354958285e-50,0.38953765024171794,1.7592480907966533e-51,False
B,CXCR5,SCT,12,0.3059151469264313,1.958240505736394e-31,0.2990797152153427,4.683135074263727e-30,False
B,EPCAM,SCT,12,0.3819641483911645,2.081054309944927e-49,0.3864577266753506,1.2442921350462433e-50,False
B,FCGR3A,SCT,12,-0.24546402639331946,1.764446761613045e-20,-0.213149034601426,1.0284993318187133e-15,False
B,HLA_DRA,SCT,12,0.40115756202143776,9.065442708577537e-55,0.4135637731284006,1.9925368958998093e-58,False
B,ITGAM,SCT,12,0.30079319900304125,2.1301144371103675e-30,0.29266892760448615,8.515039374061148e-29,False
B,ITGAX,SCT,12,-0.3857043213786247,2.001569046271988e-50,-0.3982718881750441,6.112542520117169e-54,False
B,KRT5,SCT,12,0.4346210775212955,5.3381440195962316e-65,0.4628806693252381,1.398646605979804e-74,False
B,MS4A1,SCT,12,0.35637671999751486,8.471506301301792e-43,0.36773544338126124,1.1682107742424726e-45,False
B,PAX5,SCT,12,0.3474896348676053,1.2192459204364225e-40,0.3406964966797002,4.8910054343143765e-39,False
B,PCNA,SCT,12,0.3814936355828782,2.7878870211677394e-49,0.3954887146088275,3.7832808141720118e-53,False
B,PDCD1,SCT,12,0.3632907324566598,1.5872016013731697e-44,0.3621713898730411,3.0421443874878824e-44,False
B,PECAM1,SCT,12,-0.27489072538980286,1.809877074082146e-25,-0.2610911594287487,4.7454297824180633e-23,False
B,PTPRC_1,SCT,12,-0.37224039870727116,7.956213201115313e-47,-0.37913152215993134,1.201347411017216e-48,False
B,PTPRC_2,SCT,12,-0.41398397190880587,1.4886213501375349e-58,-0.43336790949348064,1.3542087870035535e-64,False
B,SDC1,SCT,12,0.1362844465301537,3.4914980335941773e-07,0.11682658129491531,1.2892060178768008e-05,False
B,VIM,SCT,12,-0.38404710271286263,5.670014281361807e-50,-0.38414922088868514,5.318558551741564e-50,False
B,mouse_IgG1k,SCT,12,-0.4016539410039881,6.516115678169344e-55,-0.419979534755688,2.2197287635061009e-60,True
B,mouse_IgG2a,SCT,12,-0.3666572794464007,2.2081413392322656e-45,-0.3578472786090247,3.665562518904861e-43,True
B,mouse_IgG2bk,SCT,12,-0.3640953172472282,9.927494467679844e-45,-0.37159010823378813,1.1756668929434138e-46,True
B,rat_IgG2a,SCT,12,0.2944923877695819,3.7597596541100515e-29,0.28404552119097853,3.7526590054602555e-27,True
B,ACTA2,VCT,5,-0.31799798006985774,5.801004214440159e-34,-0.28512546964977764,2.352691419833692e-27,False
B,BCL2,VCT,5,-0.3360600344810164,5.767435679130532e-38,-0.29144038606687817,1.4720653438230763e-28,False
B,CCR7,VCT,5,0.1665250940531491,4.3805479749717236e-10,0.14620878109202295,4.508458139406683e-08,False
B,CD14,VCT,5,-0.290807351489915,1.9497182365109927e-28,-0.24122065377363897,8.207416602480283e-20,False
B,CD163,VCT,5,-0.3207147303037628,1.5091150531383843e-34,-0.29306293407506145,7.13991017052722e-29,False
B,CD19,VCT,5,0.24313317588916455,4.120062153283132e-20,0.23610975291016648,5.027021919709447e-19,False
B,CD27,VCT,5,-0.28846675802319094,5.476878937977695e-28,-0.2359627360942524,5.292720085619532e-19,False
B,CD274,VCT,5,0.3619867005344667,3.386034769550515e-44,0.33597136135811967,6.043645245228193e-38,False
B,CD3E,VCT,5,-0.3334719524355676,2.244981661042853e-37,-0.29642140483663404,1.5731215039166044e-29,False
B,CD4,VCT,5,0.2657314839383787,7.563715420918969e-24,0.22890141813605672,6.02783837950275e-18,False
B,CD40,VCT,5,0.276673077475409,8.607851962001191e-26,0.23949475325867928,1.520800294597126e-19,False
B,CD68,VCT,5,0.3444210953444015,6.5350790361491405e-40,0.2812728465422094,1.232729384218268e-26,False
B,CD8A,VCT,5,-0.3192614227730962,3.106689175281099e-34,-0.28262545071894524,6.912252009764848e-27,False
B,CEACAM8,VCT,5,0.3368022427192942,3.896472175485145e-38,0.30974695011642195,3.182517392320477e-32,False
B,CR2,VCT,5,0.3260003889500312,1.0558631970116925e-35,0.2808434058806491,1.4802870165544545e-26,False
B,CXCR5,VCT,5,0.2828172857038254,6.366095166352169e-27,0.2358560780702017,5.494106512561681e-19,False
B,EPCAM,VCT,5,0.3112224739431444,1.5695504636362826e-32,0.26704091943120395,4.475114246576994e-24,False
B,FCGR3A,VCT,5,-0.2182180576386512,2.0539123470513456e-16,-0.13888506352717933,2.0699663390136802e-07,False
B,HLA_DRA,VCT,5,0.33579158612127413,6.644578746009814e-38,0.29724599647749916,1.0817394267108814e-29,False
B,ITGAM,VCT,5,0.29800755155994824,7.646158136146086e-30,0.2605771625420604,5.802866413372025e-23,False
B,ITGAX,VCT,5,-0.2919121436201843,1.1933659109722116e-28,-0.256797382241692,2.512892028876606e-22,False
B,KRT5,VCT,5,0.3387150627730844,1.411202224115886e-38,0.30452375161167156,3.76272630037702e-31,False
B,MS4A1,VCT,5,0.30046323082485027,2.4800923807430282e-30,0.27297027986370004,4.0062467028426893e-25,False
B,PAX5,VCT,5,0.3213152241106674,1.1185368705650163e-34,0.2748354393479096,1.8519200865055883e-25,False
B,PCNA,VCT,5,0.33349878620066287,2.213717365752055e-37,0.2978864842980931,8.080304477173266e-30,False
B,PDCD1,VCT,5,0.3007185298776455,2.204755346696335e-30,0.25370838759211584,8.177868236844926e-22,False
B,PECAM1,VCT,5,-0.29513036906476914,2.820553693383795e-29,-0.255072293489818,4.866561410061873e-22,False
B,PTPRC_1,VCT,5,-0.28636133551322085,1.3753706942667766e-27,-0.24705620722373245,9.835498097432555e-21,False
B,PTPRC_2,VCT,5,-0.328527412935299,2.90528453975434e-36,-0.2932497227848738,6.567298333348525e-29,False
B,SDC1,VCT,5,0.19098988796242877,7.356442741665043e-13,0.1489674039062658,2.4890263748525147e-08,False
B,VIM,VCT,5,-0.3103915760475593,2.3381152987167598e-32,-0.2619047189930014,3.448210068986346e-23,False
B,mouse_IgG1k,VCT,5,-0.3093741799847013,3.8023516392108687e-32,-0.283660862405072,4.429435730007123e-27,True
B,mouse_IgG2a,VCT,5,-0.23299058328032812,1.4880594677601778e-18,-0.21816641124143915,2.0883284433312777e-16,True
B,mouse_IgG2bk,VCT,5,-0.28916032858858387,4.0369658833667116e-28,-0.24880972792146777,5.142337971155592e-21,True
B,rat_IgG2a,VCT,5,0.2599037803561207,7.547586459340916e-23,0.21153214812587318,1.7048112886666822e-15,True
B,ACTA2,EVT,6,0.15721269294123033,3.948267299623618e-09,0.2033646450815761,2.057001793232312e-14,False
B,BCL2,EVT,6,0.13226236085811272,7.690443942764186e-07,0.18343999000735392,5.815804213995576e-12,False
B,CCR7,EVT,6,-0.12478134030281536,3.1436925793692762e-06,-0.15544681468170268,5.905632325824418e-09,False
B,CD14,EVT,6,0.1331783600372849,6.437608260314889e-07,0.17102061303466284,1.4478773947244738e-10,False
B,CD163,EVT,6,0.04074803444099939,0.12931255596595972,0.07980512541181911,0.0029375037456369642,False
B,CD19,EVT,6,-0.220230570501192,1.0713540318653299e-16,-0.2241677447375064,2.9437673971130244e-17,False
B,CD27,EVT,6,0.13275203359139626,6.994098749828794e-07,0.19086410529285813,7.619653993530376e-13,False
B,CD274,EVT,6,-0.03052434081922032,0.25593941643651813,-0.09668269622164269,0.000311067925825146,False
B,CD3E,EVT,6,0.1655137320256496,5.596391840459005e-10,0.22016746622856465,1.0935484595259712e-16,False
B,CD4,EVT,6,-0.11399075805447081,2.08727489512433e-05,-0.16331415710582908,9.484452497669298e-10,False
B,CD40,EVT,6,-0.1849592898442727,3.862978443036881e-12,-0.21329644717879234,9.819876859657312e-16,False
B,CD68,EVT,6,-0.11374706363676071,2.174386260089503e-05,-0.1990583476322814,7.335020933949897e-14,False
B,CD8A,EVT,6,0.1771788742133116,3.026670393993182e-11,0.21869213068056179,1.7629944625164145e-16,False
B,CEACAM8,EVT,6,-0.11004553636850772,4.0057188087633236e-05,-0.16085561681451055,1.6960491875851222e-09,False
B,CR2,EVT,6,-0.14764952314489105,3.310376049230828e-08,-0.2146622599219688,6.385411103721962e-16,False
B,CXCR5,EVT,6,-0.1942468434069494,2.935593372605945e-13,-0.24137714900333623,7.759134786026657e-20,False
B,EPCAM,EVT,6,-0.12622541850103106,2.4102593688827252e-06,-0.16248420693566962,1.1551976927844208e-09,False
B,FCGR3A,EVT,6,-0.056197289940108246,0.03637669415059466,0.02359878921466658,0.37983160948464195,False
B,HLA_DRA,EVT,6,-0.16360614478936167,8.846614365469367e-10,-0.2094005105823369,3.2984083124776376e-15,False
B,ITGAM,EVT,6,-0.18732195004107088,2.0304540530757277e-12,-0.22026018261440222,1.0610926820306273e-16,False
B,ITGAX,EVT,6,0.1670767597476987,3.8302376299493586e-10,0.2004018132799385,4.9484722902434216e-14,False
B,KRT5,EVT,6,-0.13037491261249518,1.1052402852495926e-06,-0.18188031654784484,8.819583645005817e-12,False
B,MS4A1,EVT,6,-0.2087836147748554,3.987306225221818e-15,-0.23526976290284826,6.743844451760671e-19,False
B,PAX5,EVT,6,-0.1800048439319976,1.4481014613342236e-11,-0.23191615600023027,2.1546909055355266e-18,False
B,PCNA,EVT,6,-0.16687945915548683,4.018831526833822e-10,-0.21110519955704454,1.946850149489323e-15,False
B,PDCD1,EVT,6,-0.15925578316098182,2.4639603381366835e-09,-0.20835861604298037,4.5423487716538086e-15,False
B,PECAM1,EVT,6,0.201260410375292,3.842364435441197e-14,0.24653145329184056,1.1930232397568659e-20,False
B,PTPRC_1,EVT,6,0.1697790492151617,1.9715823571981747e-10,0.21274871172749582,1.1660270887811964e-15,False
B,PTPRC_2,EVT,6,0.1496370863019619,2.151192313230329e-08,0.1958914687244236,1.8346722516663945e-13,False
B,SDC1,EVT,6,-0.2050192240687258,1.2524758864607885e-14,-0.2177028230979184,2.4238020133024985e-16,False
B,VIM,EVT,6,0.16317648375660143,9.80052643624795e-10,0.21034636073209576,2.4632155840370373e-15,False
B,mouse_IgG1k,EVT,6,0.14142308077955712,1.231245553228466e-07,0.16428813788196617,7.515279764158012e-10,True
B,mouse_IgG2a,EVT,6,0.021841866528568406,0.41632805800852984,0.053601512151364744,0.0459462617500673,True
B,mouse_IgG2bk,EVT,6,0.11362379441666884,2.2197561645751362e-05,0.1381019381763218,2.4253495656709763e-07,True
B,rat_IgG2a,EVT,6,-0.1332863582584842,6.303552403230555e-07,-0.19061438808098302,8.169862227723295e-13,True
B,ACTA2,HBC,8,0.32216041319043165,7.329484472783081e-35,0.39517896593636304,4.629197119733343e-53,False
B,BCL2,HBC,8,0.31915006514452143,3.2828706843084332e-34,0.40157145193330895,6.883925640137224e-55,False
B,CCR7,HBC,8,-0.06776197179658282,0.011594604158678417,-0.10167057585316222,0.00014891053461732126,False
B,CD14,HBC,8,0.20686259830327575,7.170453075960617e-15,0.2687052991321725,2.286932754158706e-24,False
B,CD163,HBC,8,0.2818902197244666,9.470273477689252e-27,0.35559007560021716,1.323705386261101e-42,False
B,CD19,HBC,8,-0.31458781552366966,3.0833648042456935e-33,-0.35028483721535814,2.5987648716776933e-41,False
B,CD27,HBC,8,0.26486710081980464,1.0678287434714301e-23,0.3392615125743736,1.0544113193731015e-38,False
B,CD274,HBC,8,-0.3037627638578109,5.370068079888891e-31,-0.4009854624134854,1.016366656623246e-54,False
B,CD3E,HBC,8,0.3178543054194662,6.2267478466544695e-34,0.39822843159780014,6.289860252479241e-54,False
B,CD4,HBC,8,-0.28184517085598115,9.654451734744235e-27,-0.3519195099784182,1.0447336664781135e-41,False
B,CD40,HBC,8,-0.2641252079381931,1.4341835615106523e-23,-0.3127789197490664,7.41386616616497e-33,False
B,CD68,HBC,8,-0.26012988706186185,6.910523049263922e-23,-0.37447124005976706,2.0701628175032303e-47,False
B,CD8A,HBC,8,0.3169787974736986,9.579168642489991e-34,0.3808341293090273,4.196873408105188e-49,False
B,CEACAM8,HBC,8,-0.3182639837452752,5.0875916467511e-34,-0.40100659074058276,1.0022017477743934e-54,False
B,CR2,HBC,8,-0.28490594649766626,2.5873518274658425e-27,-0.37478716431642334,1.7093441694993349e-47,False
B,CXCR5,HBC,8,-0.2892122211605119,3.945737884942636e-28,-0.35604760642037164,1.0212251967163423e-42,False
B,EPCAM,HBC,8,-0.2989120426635515,5.056989605217302e-30,-0.35573764333816565,1.2175087783227553e-42,False
B,FCGR3A,HBC,8,0.12550189019927885,2.7544162768258957e-06,0.21023511841200707,2.549454190568991e-15,False
B,HLA_DRA,HBC,8,-0.32405111321824,2.833219985529973e-35,-0.39866780905645427,4.7096588589503504e-54,False
B,ITGAM,HBC,8,-0.28269808907108385,6.700195396463722e-27,-0.3331066370571768,2.716879444749815e-37,False
B,ITGAX,HBC,8,0.33342153914674594,2.3049089466405215e-37,0.39484519188612444,5.752222382250646e-53,False
B,KRT5,HBC,8,-0.33186978239830106,5.173318823896178e-37,-0.4118428973061778,6.547736245912552e-58,False
B,MS4A1,HBC,8,-0.34182216200508836,2.669717499790644e-39,-0.3883427018702765,3.767300371438197e-51,False
B,PAX5,HBC,8,-0.3161635700511013,1.4287409509580116e-33,-0.3901970498707561,1.1541198742176632e-51,False
B,PCNA,HBC,8,-0.3141515917805356,3.811990294547715e-33,-0.39102239032639247,6.800072695372274e-52,False
B,PDCD1,HBC,8,-0.30967698829185647,3.290663990449425e-32,-0.3752561362741121,1.2858506186452562e-47,False
B,PECAM1,HBC,8,0.27017869831348323,1.2572982550189722e-24,0.3219722560285076,8.053643050183913e-35,False
B,PTPRC_1,HBC,8,0.2857413990524144,1.8010121768723656e-27,0.35560413416780046,1.3132036606147476e-42,False
B,PTPRC_2,HBC,8,0.3436304690642663,1.0041639598543661e-39,0.4129782593089526,2.9891195725758797e-58,False
B,SDC1,HBC,8,-0.25036745096916807,2.8781769210677817e-21,-0.2804401082703089,1.7573495895649292e-26,False
B,VIM,HBC,8,0.30396075144151685,4.895909713703939e-31,0.38128187175031264,3.1795261636679944e-49,False
B,mouse_IgG1k,HBC,8,0.3375492240929545,2.6229695881552265e-38,0.39106963898635094,6.596929139829169e-52,True
B,mouse_IgG2a,HBC,8,0.14997012879191132,2.000182262443908e-08,0.18571058587989817,3.151349307331332e-12,True
B,mouse_IgG2bk,HBC,8,0.31548398323392834,1.991947575313933e-33,0.3650482692665424,5.684755999527695e-45,True
B,rat_IgG2a,HBC,8,-0.2592054385999083,9.904999235348884e-23,-0.3228834319994654,5.099949731946816e-35,True
B,ACTA2,Endo,6,0.121593390166917,5.593171011618128e-06,0.1709096383698004,1.4885276660086753e-10,False
B,BCL2,Endo,6,0.08940937757136015,0.0008576065941048248,0.14879929199148229,2.5815962976280555e-08,False
B,CCR7,Endo,6,0.0349630593040728,0.1931442135783823,0.01364580263596518,0.611615666616457,False
B,CD14,Endo,6,0.016034096460683798,0.5507417609495816,0.06659941565560526,0.013107181749540495,False
B,CD163,Endo,6,-0.0028255492162717268,0.9162681266093843,0.03633862837772539,0.17619430339709585,False
B,CD19,Endo,6,-0.13854768338687853,2.2164322206596047e-07,-0.1457220398088886,5.000996855570064e-08,False
B,CD27,Endo,6,0.10209655832660348,0.0001396122348849877,0.1665341251685696,4.370947176247527e-10,False
B,CD274,Endo,6,-0.06319882502074334,0.018577095633214614,-0.11914075421838984,8.629212204267362e-06,False
B,CD3E,Endo,6,0.10860734403377922,5.053234905269039e-05,0.16281811438031468,1.0672166469389955e-09,False
B,CD4,Endo,6,-0.11117373795711231,3.3317581668767534e-05,-0.15342520599567586,9.311753592755741e-09,False
B,CD40,Endo,6,-0.1503972285110327,1.821507356280556e-08,-0.19213624908618754,5.333857966728504e-13,False
B,CD68,Endo,6,-0.07145372667806804,0.007765117454419096,-0.15655247042959589,4.592123211017339e-09,False
B,CD8A,Endo,6,0.12139997458310364,5.7894953831038675e-06,0.16630586908261874,4.6200118796503647e-10,False
B,CEACAM8,Endo,6,-0.11506148116230842,1.742360640564444e-05,-0.15707516265494778,4.074701638210635e-09,False
B,CR2,Endo,6,-0.10573957301492441,7.962846248475388e-05,-0.16896003979069252,2.413912512461685e-10,False
B,CXCR5,Endo,6,-0.11328356999771301,2.349694343938114e-05,-0.16494310550432623,6.421559595113293e-10,False
B,EPCAM,Endo,6,-0.10496433919038696,8.987085817407362e-05,-0.15693631518933712,4.206336824001419e-09,False
B,FCGR3A,Endo,6,-0.07240434897274389,0.006983601335473819,0.0038871983554156658,0.8849960542131977,False
B,HLA_DRA,Endo,6,-0.12394307265967065,3.662962881861441e-06,-0.17527209815081857,4.943815473169212e-11,False
B,ITGAM,Endo,6,-0.12401584211057397,3.6148140465325487e-06,-0.16982096063755417,1.951213786425145e-10,False
B,ITGAX,Endo,6,0.14287731800707754,9.10475235572768e-08,0.18787302453125104,1.7454763713698166e-12,False
B,KRT5,Endo,6,-0.10979843298964499,4.1696776697328125e-05,-0.16393803712097688,8.172290020693425e-10,False
B,MS4A1,Endo,6,-0.13122151176145763,9.398945775313941e-07,-0.1669802418259764,3.921392138955173e-10,False
B,PAX5,Endo,6,-0.10320507265411684,0.00011791067073628188,-0.16022430421638698,1.9662409709358254e-09,False
B,PCNA,Endo,6,-0.10699019937298135,6.539442683944896e-05,-0.1563607211958676,4.797513240689914e-09,False
B,PDCD1,Endo,6,-0.08480405869446508,0.001571426126339591,-0.1319189665080359,8.218070098171035e-07,False
B,PECAM1,Endo,6,0.1385277474613562,2.2253929837011764e-07,0.18145307138927436,9.878892708578271e-12,False
B,PTPRC_1,Endo,6,0.1363301074549398,3.459882640583102e-07,0.18499951363923212,3.82117932781263e-12,False
B,PTPRC_2,Endo,6,0.1391219260067268,1.9727683543115423e-07,0.18867854310986135,1.3981363366434107e-12,False
B,SDC1,Endo,6,-0.1222999576583081,4.928700215405175e-06,-0.15700406704997566,4.1415958791179456e-09,False
B,VIM,Endo,6,0.12472233355309763,3.177806853803108e-06,0.18276980507751472,6.958410547291456e-12,False
B,mouse_IgG1k,Endo,6,0.1263441082990247,2.357894934213369e-06,0.15868852941481099,2.8103032399898605e-09,True
B,mouse_IgG2a,Endo,6,0.05293540090493458,0.048718326243657635,0.07294789092190594,0.006569167227672033,True
B,mouse_IgG2bk,Endo,6,0.11628171677068337,1.4154790893610254e-05,0.16015387870947229,1.9988611293998653e-09,True
B,rat_IgG2a,Endo,6,-0.07410404302720912,0.00576026742810473,-0.13125761345512285,9.334009857709106e-07,True
B,ACTA2,Fibro,5,0.8338729683959225,0.0,0.8106134474252176,0.0,False
B,BCL2,Fibro,5,0.834758160459912,0.0,0.8133605301398458,0.0,False
B,CCR7,Fibro,5,-0.3999527918144375,2.015696750141622e-54,-0.3318493899485778,5.22841395873736e-37,False
B,CD14,Fibro,5,0.7105135271477243,1.2501105367527444e-213,0.6681757499717189,4.3369245449825645e-180,False
B,CD163,Fibro,5,0.6423550610329208,3.158052225672781e-162,0.5911173969606638,1.8609104856502324e-131,False
B,CD19,Fibro,5,-0.7467688001998982,1.3848572792580752e-247,-0.7188424754990791,5.927464881016928e-221,False
B,CD27,Fibro,5,0.7756375654640153,4.488643516068786e-279,0.7443041687861329,4.2770759109533186e-245,False
B,CD274,Fibro,5,-0.7168260746759532,3.7176940968272534e-219,-0.6877750611972672,6.7217795811898576e-195,False
B,CD3E,Fibro,5,0.8404017458258233,0.0,0.8174049361797265,0.0,False
B,CD4,Fibro,5,-0.7432886253713454,4.4535269120052597e-244,-0.7148532333701745,2.0591634651260846e-217,False
B,CD40,Fibro,5,-0.7688872574824153,2.6635371177996326e-271,-0.7421326598245249,6.325760528222178e-243,False
B,CD68,Fibro,5,-0.8126996615350446,0.0,-0.8003958462591426,4.3393885049318e-310,False
B,CD8A,Fibro,5,0.8309890944048279,0.0,0.8072083194265501,0.0,False
B,CEACAM8,Fibro,5,-0.8030330905401619,0.0,-0.7752894848330233,1.1470286971161788e-278,False
B,CR2,Fibro,5,-0.821192754410399,0.0,-0.7972602101109091,6.348905118007446e-306,False
B,CXCR5,Fibro,5,-0.7925973840102563,7.287244814393207e-300,-0.7626562251538099,2.3378528874469435e-264,False
B,EPCAM,Fibro,5,-0.7709845156584911,1.0939776769330987e-273,-0.7373093794775987,3.4956110231719906e-238,False
B,FCGR3A,Fibro,5,0.42122815244927053,9.146091923556595e-61,0.31673857088628676,1.0778219411078886e-33,False
B,HLA_DRA,Fibro,5,-0.8462925567122854,0.0,-0.8243383822838165,0.0,False
B,ITGAM,Fibro,5,-0.7989624790848737,3.553422444041035e-308,-0.765840283756754,7.044064636327463e-268,False
B,ITGAX,Fibro,5,0.8012562886004592,0.0,0.7744108153861963,1.2158459310379334e-277,False
B,KRT5,Fibro,5,-0.8279169097477354,0.0,-0.8022800765394095,0.0,False
B,MS4A1,Fibro,5,-0.8292460303230907,0.0,-0.8047831041458572,0.0,False
B,PAX5,Fibro,5,-0.8285157525459556,0.0,-0.8036786161519951,0.0,False
B,PCNA,Fibro,5,-0.8358508705801039,0.0,-0.8066117792498408,0.0,False
B,PDCD1,Fibro,5,-0.8061373394904208,0.0,-0.7754429732659031,7.585653291680337e-279,False
B,PECAM1,Fibro,5,0.7627039081262106,2.0725187804702496e-264,0.7292003880020644,1.926051131344859e-230,False
B,PTPRC_1,Fibro,5,0.8013927848942151,0.0,0.7717259753364881,1.5459563589384233e-274,False
B,PTPRC_2,Fibro,5,0.8249160168688688,0.0,0.8005278151001407,2.8873165676778e-310,False
B,SDC1,Fibro,5,-0.6672020705455424,2.2050741078006875e-179,-0.625336646693877,2.2873517379368678e-151,False
B,VIM,Fibro,5,0.8234610699632738,0.0,0.7957415835302096,6.218207949311071e-304,False
B,mouse_IgG1k,Fibro,5,0.8113959351468746,0.0,0.7874850940285638,2.136694465087613e-293,True
B,mouse_IgG2a,Fibro,5,0.3215848169256237,9.775926537171597e-35,0.31728412514592963,8.244427274248686e-34,True
B,mouse_IgG2bk,Fibro,5,0.7446578684602281,1.886297593143374e-245,0.7044264446812605,1.9357201018893784e-208,True
B,rat_IgG2a,Fibro,5,-0.7001064594713814,7.763966346409318e-205,-0.6646621425423769,1.4899018715842033e-177,True
